Date,DGS10,SP500,DFF
02/01/2013,1.86,1462.42,0.17
03/01/2013,1.92,1459.37,0.17
04/01/2013,1.93,1466.47,0.16
07/01/2013,1.92,1461.89,0.16
08/01/2013,1.89,1457.15,0.15
09/01/2013,1.88,1461.02,0.14
10/01/2013,1.91,1472.12,0.14
11/01/2013,1.89,1472.05,0.14
14/01/2013,1.89,1470.68,0.14
15/01/2013,1.86,1472.34,0.15
16/01/2013,1.84,1472.63,0.14
17/01/2013,1.89,1480.94,0.14
18/01/2013,1.87,1485.98,0.14
21/01/2013,1.86,1492.56,0.14
22/01/2013,1.86,1494.81,0.14
23/01/2013,1.88,1494.82,0.13
24/01/2013,1.98,1502.96,0.15
25/01/2013,2,1500.18,0.14
28/01/2013,2.03,1507.84,0.14
29/01/2013,2.03,1501.96,0.12
30/01/2013,2.02,1498.11,0.12
31/01/2013,2.04,1513.17,0.15
01/02/2013,2,1495.71,0.14
04/02/2013,2.04,1511.29,0.13
05/02/2013,2,1512.12,0.13
06/02/2013,1.99,1509.39,0.13
07/02/2013,1.99,1517.93,0.13
08/02/2013,1.99,1517.01,0.14
11/02/2013,2.02,1519.43,0.14
12/02/2013,2.05,1520.33,0.13
13/02/2013,2,1521.38,0.14
14/02/2013,2.01,1519.79,0.14
15/02/2013,2.03,1530.94,0.16
18/02/2013,2.02,1511.95,0.16
19/02/2013,1.99,1502.42,0.15
20/02/2013,1.97,1515.6,0.15
21/02/2013,1.88,1487.85,0.16
22/02/2013,1.88,1496.94,0.16
25/02/2013,1.91,1515.99,0.15
26/02/2013,1.89,1514.68,0.14
27/02/2013,1.86,1518.2,0.14
28/02/2013,1.88,1525.2,0.14
01/03/2013,1.9,1539.79,0.14
04/03/2013,1.95,1541.46,0.16
05/03/2013,2,1544.26,0.15
06/03/2013,2.06,1551.18,0.15
07/03/2013,2.07,1556.22,0.16
08/03/2013,2.03,1552.48,0.15
11/03/2013,2.04,1554.52,0.16
12/03/2013,2.04,1563.23,0.15
13/03/2013,2.01,1560.7,0.14
14/03/2013,1.96,1552.1,0.15
15/03/2013,1.92,1548.34,0.16
18/03/2013,1.96,1558.71,0.16
19/03/2013,1.95,1545.8,0.15
20/03/2013,1.93,1556.89,0.15
21/03/2013,1.93,1551.69,0.16
22/03/2013,1.92,1563.77,0.15
25/03/2013,1.87,1562.85,0.15
26/03/2013,1.87,1569.19,0.14
27/03/2013,1.86,1562.17,0.12
28/03/2013,1.88,1570.25,0.13
29/03/2013,1.83,1553.69,0.09
01/04/2013,1.78,1559.98,0.16
02/04/2013,1.72,1553.28,0.15
03/04/2013,1.76,1563.07,0.14
04/04/2013,1.78,1568.61,0.14
05/04/2013,1.84,1587.73,0.15
08/04/2013,1.82,1593.37,0.15
09/04/2013,1.75,1588.85,0.15
10/04/2013,1.72,1552.36,0.15
11/04/2013,1.75,1574.57,0.15
12/04/2013,1.73,1552.01,0.15
15/04/2013,1.72,1541.61,0.15
16/04/2013,1.73,1555.25,0.15
17/04/2013,1.72,1562.5,0.15
18/04/2013,1.74,1578.78,0.15
19/04/2013,1.73,1578.79,0.15
22/04/2013,1.74,1585.16,0.15
23/04/2013,1.7,1582.24,0.14
24/04/2013,1.7,1593.61,0.13
25/04/2013,1.7,1597.57,0.13
26/04/2013,1.66,1582.7,0.13
29/04/2013,1.66,1597.59,0.13
30/04/2013,1.78,1614.42,0.14
01/05/2013,1.8,1617.5,0.14
02/05/2013,1.82,1625.96,0.15
03/05/2013,1.81,1632.69,0.14
06/05/2013,1.81,1626.67,0.14
07/05/2013,1.9,1633.7,0.12
08/05/2013,1.92,1633.77,0.12
09/05/2013,1.96,1650.34,0.12
10/05/2013,1.94,1658.78,0.12
13/05/2013,1.87,1650.47,0.12
14/05/2013,1.95,1667.47,0.11
15/05/2013,1.97,1666.29,0.12
16/05/2013,1.94,1669.16,0.11
17/05/2013,2.03,1655.35,0.1
20/05/2013,2.02,1650.51,0.1
21/05/2013,2.01,1649.6,0.09
22/05/2013,2.15,1660.06,0.08
23/05/2013,2.13,1648.36,0.08
24/05/2013,2.13,1654.41,0.09
27/05/2013,2.16,1630.74,0.09
28/05/2013,2.13,1640.42,0.09
29/05/2013,2.14,1631.38,0.08
30/05/2013,2.1,1608.9,0.08
31/05/2013,2.08,1622.56,0.09
03/06/2013,2.17,1643.38,0.1
04/06/2013,2.22,1642.81,0.11
05/06/2013,2.2,1626.13,0.09
06/06/2013,2.25,1612.52,0.1
07/06/2013,2.19,1636.36,0.09
10/06/2013,2.14,1626.73,0.09
11/06/2013,2.19,1639.04,0.09
12/06/2013,2.2,1651.81,0.08
13/06/2013,2.33,1628.93,0.09
14/06/2013,2.41,1588.19,0.1
17/06/2013,2.52,1592.43,0.11
18/06/2013,2.57,1573.09,0.12
19/06/2013,2.6,1588.03,0.1
20/06/2013,2.55,1603.26,0.1
21/06/2013,2.49,1613.2,0.1
24/06/2013,2.52,1606.28,0.1
25/06/2013,2.5,1614.96,0.09
26/06/2013,2.48,1614.08,0.09
27/06/2013,2.52,1615.41,0.09
28/06/2013,2.73,1631.89,0.07
01/07/2013,2.65,1640.46,0.1
02/07/2013,2.65,1652.32,0.1
03/07/2013,2.7,1652.62,0.1
04/07/2013,2.6,1675.02,0.1
05/07/2013,2.61,1680.19,0.1
08/07/2013,2.57,1682.5,0.1
09/07/2013,2.55,1676.26,0.1
10/07/2013,2.52,1680.91,0.09
11/07/2013,2.56,1689.37,0.09
12/07/2013,2.5,1692.09,0.09
15/07/2013,2.5,1695.53,0.09
16/07/2013,2.53,1692.39,0.09
17/07/2013,2.61,1685.94,0.09
18/07/2013,2.61,1690.25,0.09
19/07/2013,2.58,1691.65,0.09
22/07/2013,2.61,1685.33,0.09
23/07/2013,2.63,1685.96,0.09
24/07/2013,2.6,1685.73,0.09
25/07/2013,2.74,1706.87,0.09
26/07/2013,2.63,1709.67,0.09
29/07/2013,2.67,1707.14,0.08
30/07/2013,2.67,1697.37,0.09
31/07/2013,2.61,1690.91,0.09
01/08/2013,2.58,1697.48,0.08
02/08/2013,2.57,1691.42,0.09
05/08/2013,2.61,1689.47,0.08
06/08/2013,2.71,1694.16,0.09
07/08/2013,2.71,1685.39,0.09
08/08/2013,2.77,1661.32,0.09
09/08/2013,2.84,1655.83,0.08
12/08/2013,2.88,1646.06,0.08
13/08/2013,2.82,1652.35,0.08
14/08/2013,2.87,1642.8,0.09
15/08/2013,2.9,1656.96,0.08
16/08/2013,2.82,1663.5,0.09
19/08/2013,2.79,1656.78,0.09
20/08/2013,2.72,1630.48,0.09
21/08/2013,2.78,1634.96,0.08
22/08/2013,2.75,1638.17,0.09
23/08/2013,2.78,1632.97,0.08
26/08/2013,2.86,1639.77,0.08
27/08/2013,2.9,1653.08,0.07
28/08/2013,2.98,1655.08,0.07
29/08/2013,2.94,1655.17,0.08
30/08/2013,2.9,1671.71,0.07
02/09/2013,2.96,1683.99,0.07
03/09/2013,2.93,1689.13,0.09
04/09/2013,2.92,1683.42,0.08
05/09/2013,2.9,1687.99,0.08
06/09/2013,2.88,1697.6,0.08
09/09/2013,2.86,1704.76,0.08
10/09/2013,2.69,1725.52,0.08
11/09/2013,2.76,1722.34,0.08
12/09/2013,2.75,1709.91,0.08
13/09/2013,2.72,1701.84,0.08
16/09/2013,2.67,1697.42,0.08
17/09/2013,2.63,1692.77,0.08
18/09/2013,2.66,1698.67,0.08
19/09/2013,2.64,1691.75,0.09
20/09/2013,2.64,1681.55,0.08
23/09/2013,2.66,1695,0.09
24/09/2013,2.63,1693.87,0.09
25/09/2013,2.62,1678.66,0.08
26/09/2013,2.66,1690.5,0.08
27/09/2013,2.65,1676.12,0.08
30/09/2013,2.66,1655.45,0.06
01/10/2013,2.68,1656.4,0.08
02/10/2013,2.71,1692.56,0.07
03/10/2013,2.7,1703.2,0.08
04/10/2013,2.75,1710.14,0.08
07/10/2013,2.69,1698.06,0.08
08/10/2013,2.61,1721.54,0.08
09/10/2013,2.6,1733.15,0.09
10/10/2013,2.63,1744.5,0.09
11/10/2013,2.54,1744.66,0.1
14/10/2013,2.51,1754.67,0.1
15/10/2013,2.53,1746.38,0.1
16/10/2013,2.53,1752.07,0.11
17/10/2013,2.54,1759.77,0.1
18/10/2013,2.53,1762.11,0.1
21/10/2013,2.55,1771.95,0.09
22/10/2013,2.57,1763.31,0.08
23/10/2013,2.65,1756.54,0.08
24/10/2013,2.63,1761.64,0.08
25/10/2013,2.69,1767.93,0.08
28/10/2013,2.67,1762.97,0.08
29/10/2013,2.63,1770.49,0.08
30/10/2013,2.77,1747.15,0.08
31/10/2013,2.8,1770.61,0.07
01/11/2013,2.75,1771.89,0.08
04/11/2013,2.69,1767.69,0.08
05/11/2013,2.71,1782,0.08
06/11/2013,2.67,1790.62,0.08
07/11/2013,2.71,1798.18,0.08
08/11/2013,2.8,1791.53,0.08
11/11/2013,2.79,1787.87,0.08
12/11/2013,2.75,1781.37,0.08
13/11/2013,2.74,1795.85,0.08
14/11/2013,2.71,1804.76,0.09
15/11/2013,2.74,1802.48,0.09
18/11/2013,2.75,1802.75,0.09
19/11/2013,2.81,1807.23,0.09
20/11/2013,2.79,1805.81,0.09
21/11/2013,2.84,1800.9,0.09
22/11/2013,2.88,1795.15,0.09
25/11/2013,2.88,1792.81,0.09
26/11/2013,2.86,1785.03,0.09
27/11/2013,2.81,1805.09,0.09
28/11/2013,2.86,1808.37,0.09
29/11/2013,2.89,1802.62,0.07
02/12/2013,2.88,1782.22,0.09
03/12/2013,2.89,1775.5,0.09
04/12/2013,2.85,1775.32,0.09
05/12/2013,2.89,1786.54,0.09
06/12/2013,2.94,1781,0.09
09/12/2013,2.89,1810.65,0.09
10/12/2013,2.94,1809.6,0.09
11/12/2013,2.99,1818.32,0.08
12/12/2013,3,1827.99,0.09
13/12/2013,3.02,1833.32,0.08
16/12/2013,2.99,1842.02,0.09
17/12/2013,3.04,1841.4,0.09
18/12/2013,3,1841.07,0.09
19/12/2013,3.01,1848.36,0.09
20/12/2013,2.98,1831.98,0.09
23/12/2013,2.96,1831.37,0.09
24/12/2013,3.01,1826.77,0.08
25/12/2013,2.97,1837.88,0.08
26/12/2013,2.88,1837.49,0.08
27/12/2013,2.84,1838.13,0.08
30/12/2013,2.88,1842.37,0.08
31/12/2013,2.9,1819.2,0.07
01/01/2014,2.86,1838.88,0.07
02/01/2014,2.84,1848.38,0.08
03/01/2014,2.85,1845.89,0.08
06/01/2014,2.87,1838.7,0.08
07/01/2014,2.79,1843.8,0.07
08/01/2014,2.75,1844.86,0.07
09/01/2014,2.78,1828.46,0.07
10/01/2014,2.77,1790.29,0.07
13/01/2014,2.69,1781.56,0.07
14/01/2014,2.72,1792.5,0.07
15/01/2014,2.67,1774.2,0.07
16/01/2014,2.61,1794.19,0.07
17/01/2014,2.64,1782.59,0.07
20/01/2014,2.7,1741.89,0.07
21/01/2014,2.73,1755.2,0.07
22/01/2014,2.71,1751.64,0.07
23/01/2014,2.7,1773.43,0.07
24/01/2014,2.75,1797.02,0.07
27/01/2014,2.8,1799.84,0.07
28/01/2014,2.73,1819.75,0.07
29/01/2014,2.75,1819.26,0.07
30/01/2014,2.71,1829.83,0.07
31/01/2014,2.73,1838.63,0.07
03/02/2014,2.76,1840.76,0.07
04/02/2014,2.73,1828.75,0.07
05/02/2014,2.75,1839.78,0.07
06/02/2014,2.7,1836.25,0.07
07/02/2014,2.67,1847.61,0.06
10/02/2014,2.65,1845.12,0.07
11/02/2014,2.66,1845.16,0.06
12/02/2014,2.6,1854.29,0.07
13/02/2014,2.7,1859.45,0.06
14/02/2014,2.7,1845.73,0.06
17/02/2014,2.74,1873.91,0.06
18/02/2014,2.8,1873.81,0.07
19/02/2014,2.79,1877.03,0.07
20/02/2014,2.77,1878.04,0.07
21/02/2014,2.73,1877.17,0.07
24/02/2014,2.66,1867.63,0.07
25/02/2014,2.65,1868.2,0.07
26/02/2014,2.7,1846.34,0.07
27/02/2014,2.68,1841.13,0.07
28/02/2014,2.78,1858.83,0.06
03/03/2014,2.79,1872.25,0.07
04/03/2014,2.75,1860.77,0.07
05/03/2014,2.74,1872.01,0.08
06/03/2014,2.75,1866.52,0.08
07/03/2014,2.71,1857.44,0.08
10/03/2014,2.69,1865.62,0.08
11/03/2014,2.73,1852.56,0.08
12/03/2014,2.73,1849.04,0.08
13/03/2014,2.77,1857.62,0.08
14/03/2014,2.82,1872.34,0.08
17/03/2014,2.8,1885.52,0.08
18/03/2014,2.74,1890.9,0.08
19/03/2014,2.71,1888.77,0.08
20/03/2014,2.69,1865.09,0.08
21/03/2014,2.71,1845.04,0.08
24/03/2014,2.65,1851.96,0.09
25/03/2014,2.63,1872.18,0.09
26/03/2014,2.65,1833.08,0.08
27/03/2014,2.64,1815.69,0.08
28/03/2014,2.65,1830.61,0.08
31/03/2014,2.73,1842.98,0.06
01/04/2014,2.73,1862.31,0.08
02/04/2014,2.73,1864.85,0.09
03/04/2014,2.7,1871.89,0.08
04/04/2014,2.7,1879.55,0.08
07/04/2014,2.68,1875.39,0.09
08/04/2014,2.7,1878.61,0.08
09/04/2014,2.71,1863.4,0.08
10/04/2014,2.67,1869.43,0.08
11/04/2014,2.63,1878.33,0.09
14/04/2014,2.6,1883.95,0.09
15/04/2014,2.63,1883.68,0.1
16/04/2014,2.61,1881.14,0.09
17/04/2014,2.62,1884.66,0.09
18/04/2014,2.61,1867.72,0.1
21/04/2014,2.62,1878.21,0.1
22/04/2014,2.66,1875.63,0.1
23/04/2014,2.61,1878.48,0.1
24/04/2014,2.54,1896.65,0.1
25/04/2014,2.5,1897.45,0.09
28/04/2014,2.52,1888.53,0.09
29/04/2014,2.54,1870.85,0.1
30/04/2014,2.52,1877.86,0.09
01/05/2014,2.54,1885.08,0.09
02/05/2014,2.56,1872.83,0.09
05/05/2014,2.54,1888.03,0.09
06/05/2014,2.52,1892.49,0.09
07/05/2014,2.44,1900.53,0.08
08/05/2014,2.45,1911.91,0.08
09/05/2014,2.48,1909.78,0.08
12/05/2014,2.54,1920.03,0.08
13/05/2014,2.6,1923.57,0.09
14/05/2014,2.61,1924.97,0.08
15/05/2014,2.59,1924.24,0.09
16/05/2014,2.6,1927.88,0.09
19/05/2014,2.62,1940.46,0.09
20/05/2014,2.64,1949.44,0.09
21/05/2014,2.65,1951.27,0.09
22/05/2014,2.58,1950.79,0.09
23/05/2014,2.6,1943.89,0.09
26/05/2014,2.61,1930.11,0.09
27/05/2014,2.66,1936.16,0.09
28/05/2014,2.61,1937.78,0.09
29/05/2014,2.64,1941.99,0.09
30/05/2014,2.63,1956.98,0.08
02/06/2014,2.63,1959.48,0.09
03/06/2014,2.59,1962.87,0.1
04/06/2014,2.57,1962.61,0.09
05/06/2014,2.53,1949.98,0.09
06/06/2014,2.54,1959.53,0.09
09/06/2014,2.53,1957.22,0.09
10/06/2014,2.58,1960.96,0.09
11/06/2014,2.64,1960.23,0.09
12/06/2014,2.65,1973.32,0.09
13/06/2014,2.63,1974.62,0.1
16/06/2014,2.58,1985.44,0.1
17/06/2014,2.57,1977.65,0.1
18/06/2014,2.55,1963.71,0.1
19/06/2014,2.53,1972.83,0.1
20/06/2014,2.55,1964.68,0.1
23/06/2014,2.56,1967.57,0.1
24/06/2014,2.55,1977.1,0.1
25/06/2014,2.47,1973.28,0.1
26/06/2014,2.5,1981.57,0.1
27/06/2014,2.49,1958.12,0.1
30/06/2014,2.48,1978.22,0.09
01/07/2014,2.48,1973.63,0.1
02/07/2014,2.52,1983.53,0.1
03/07/2014,2.48,1987.01,0.09
04/07/2014,2.5,1987.98,0.09
07/07/2014,2.47,1978.34,0.1
08/07/2014,2.57,1978.91,0.09
09/07/2014,2.58,1969.95,0.09
10/07/2014,2.52,1970.07,0.09
11/07/2014,2.51,1930.67,0.09
14/07/2014,2.49,1925.15,0.09
15/07/2014,2.49,1938.99,0.09
16/07/2014,2.43,1920.21,0.09
17/07/2014,2.44,1920.24,0.09
18/07/2014,2.44,1909.57,0.09
21/07/2014,2.46,1931.59,0.1
22/07/2014,2.43,1936.92,0.09
23/07/2014,2.4,1933.75,0.09
24/07/2014,2.34,1946.72,0.09
25/07/2014,2.39,1955.18,0.09
28/07/2014,2.4,1955.06,0.09
29/07/2014,2.43,1971.74,0.09
30/07/2014,2.41,1981.6,0.09
31/07/2014,2.4,1986.51,0.08
01/08/2014,2.39,1992.37,0.09
04/08/2014,2.39,1988.4,0.09
05/08/2014,2.37,1997.92,0.09
06/08/2014,2.34,2000.02,0.09
07/08/2014,2.35,2000.12,0.09
08/08/2014,2.42,1996.74,0.09
11/08/2014,2.41,2003.37,0.09
12/08/2014,2.45,2002.28,0.09
13/08/2014,2.46,2000.72,0.09
14/08/2014,2.48,1997.65,0.09
15/08/2014,2.5,2007.71,0.09
18/08/2014,2.54,2001.54,0.09
19/08/2014,2.54,1988.44,0.09
20/08/2014,2.62,1995.69,0.09
21/08/2014,2.6,1997.45,0.09
22/08/2014,2.6,1985.54,0.09
25/08/2014,2.62,1984.13,0.09
26/08/2014,2.63,1998.98,0.09
27/08/2014,2.59,2001.57,0.09
28/08/2014,2.57,2011.36,0.09
29/08/2014,2.54,2010.4,0.07
01/09/2014,2.57,1994.29,0.07
02/09/2014,2.52,1982.77,0.09
03/09/2014,2.54,1998.3,0.09
04/09/2014,2.5,1965.99,0.09
05/09/2014,2.52,1982.85,0.09
08/09/2014,2.42,1977.8,0.09
09/09/2014,2.44,1972.29,0.09
10/09/2014,2.45,1946.16,0.09
11/09/2014,2.43,1946.17,0.09
12/09/2014,2.36,1967.9,0.09
15/09/2014,2.35,1964.82,0.09
16/09/2014,2.34,1935.1,0.09
17/09/2014,2.31,1968.89,0.09
18/09/2014,2.21,1928.21,0.09
19/09/2014,2.15,1906.13,0.09
22/09/2014,2.17,1874.74,0.09
23/09/2014,2.22,1877.7,0.09
24/09/2014,2.2,1862.49,0.09
25/09/2014,2.23,1862.76,0.09
26/09/2014,2.25,1886.76,0.09
29/09/2014,2.29,1904.01,0.08
30/09/2014,2.29,1941.28,0.07
01/10/2014,2.27,1927.11,0.09
02/10/2014,2.3,1950.82,0.09
03/10/2014,2.34,1964.58,0.09
06/10/2014,2.32,1961.63,0.09
07/10/2014,2.35,1985.05,0.09
08/10/2014,2.36,1982.3,0.09
09/10/2014,2.35,1994.65,0.08
10/10/2014,2.36,2018.05,0.09
13/10/2014,2.39,2017.81,0.09
14/10/2014,2.32,2012.1,0.09
15/10/2014,2.38,2023.57,0.09
16/10/2014,2.37,2031.21,0.09
17/10/2014,2.35,2031.92,0.09
20/10/2014,2.32,2038.26,0.09
21/10/2014,2.34,2039.68,0.09
22/10/2014,2.32,2038.25,0.09
23/10/2014,2.36,2039.33,0.09
24/10/2014,2.34,2039.82,0.09
27/10/2014,2.31,2041.32,0.09
28/10/2014,2.3,2051.8,0.09
29/10/2014,2.27,2048.72,0.09
30/10/2014,2.24,2052.75,0.09
31/10/2014,2.18,2063.5,0.07
03/11/2014,2.22,2069.41,0.09
04/11/2014,2.28,2067.03,0.1
05/11/2014,2.29,2072.83,0.09
06/11/2014,2.25,2067.56,0.09
07/11/2014,2.31,2053.44,0.09
10/11/2014,2.26,2066.55,0.09
11/11/2014,2.22,2074.33,0.09
12/11/2014,2.18,2071.92,0.09
13/11/2014,2.19,2075.37,0.09
14/11/2014,2.1,2060.31,0.09
17/11/2014,2.12,2059.82,0.1
18/11/2014,2.07,2026.14,0.11
19/11/2014,2.14,2035.33,0.1
20/11/2014,2.22,2002.33,0.1
21/11/2014,2.17,1989.63,0.1
24/11/2014,2.17,1972.74,0.1
25/11/2014,2.26,2012.89,0.1
26/11/2014,2.27,2061.23,0.1
27/11/2014,2.25,2070.65,0.1
28/11/2014,2.22,2078.54,0.08
01/12/2014,2.2,2082.17,0.13
02/12/2014,2.17,2081.88,0.12
03/12/2014,2.12,2088.77,0.12
04/12/2014,2.04,2090.57,0.12
05/12/2014,1.97,2080.35,0.12
08/12/2014,1.96,2058.9,0.12
09/12/2014,2.03,2058.2,0.12
10/12/2014,1.98,2020.58,0.12
11/12/2014,1.92,2002.61,0.12
12/12/2014,1.91,2025.9,0.12
15/12/2014,1.86,2062.14,0.11
16/12/2014,1.77,2044.81,0.12
17/12/2014,1.83,2028.26,0.13
18/12/2014,1.82,2023.03,0.13
19/12/2014,1.87,2011.27,0.13
22/12/2014,1.9,1992.67,0.13
23/12/2014,1.81,2019.42,0.13
24/12/2014,1.83,2022.55,0.13
25/12/2014,1.83,2032.12,0.13
26/12/2014,1.73,2063.15,0.13
29/12/2014,1.77,2051.82,0.13
30/12/2014,1.68,2057.09,0.13
31/12/2014,1.68,2029.55,0.06
01/01/2015,1.79,2002.16,0.06
02/01/2015,1.81,2021.25,0.12
05/01/2015,1.83,1994.99,0.12
06/01/2015,1.95,2020.85,0.12
07/01/2015,1.96,2050.03,0.12
08/01/2015,2.01,2041.51,0.12
09/01/2015,2,2062.52,0.12
12/01/2015,1.99,2055.47,0.12
13/01/2015,2.02,2046.74,0.12
14/01/2015,2.14,2068.59,0.12
15/01/2015,2.07,2068.53,0.12
16/01/2015,2.11,2088.48,0.13
19/01/2015,2.13,2096.99,0.13
20/01/2015,2.06,2100.34,0.12
21/01/2015,1.99,2099.68,0.12
22/01/2015,1.96,2097.45,0.12
23/01/2015,2.03,2110.3,0.12
26/01/2015,2,2109.66,0.12
27/01/2015,2.08,2115.48,0.11
28/01/2015,2.12,2113.86,0.12
29/01/2015,2.12,2110.74,0.11
30/01/2015,2.11,2104.5,0.06
02/02/2015,2.24,2117.39,0.12
03/02/2015,2.2,2107.78,0.12
04/02/2015,2.14,2098.53,0.11
05/02/2015,2.11,2101.04,0.12
06/02/2015,2.1,2071.26,0.11
09/02/2015,2.13,2079.43,0.12
10/02/2015,2.1,2044.16,0.12
11/02/2015,2.06,2040.24,0.12
12/02/2015,1.93,2065.95,0.12
13/02/2015,1.98,2053.4,0.12
16/02/2015,1.93,2081.19,0.12
17/02/2015,1.92,2074.28,0.12
18/02/2015,1.88,2099.5,0.12
19/02/2015,1.93,2089.27,0.12
20/02/2015,2.01,2108.1,0.12
23/02/2015,1.95,2104.42,0.11
24/02/2015,1.96,2091.5,0.11
25/02/2015,1.94,2061.05,0.11
26/02/2015,1.87,2056.15,0.11
27/02/2015,1.92,2061.02,0.06
02/03/2015,1.85,2086.24,0.12
03/03/2015,1.92,2067.89,0.12
04/03/2015,1.89,2059.69,0.11
05/03/2015,1.92,2066.96,0.11
06/03/2015,1.97,2080.62,0.12
09/03/2015,1.96,2076.33,0.12
10/03/2015,1.94,2081.9,0.12
11/03/2015,1.9,2091.18,0.11
12/03/2015,1.91,2102.06,0.11
13/03/2015,1.9,2092.43,0.11
16/03/2015,1.87,2095.84,0.12
17/03/2015,1.9,2106.63,0.12
18/03/2015,1.92,2104.99,0.11
19/03/2015,1.99,2081.18,0.12
20/03/2015,1.96,2100.4,0.12
23/03/2015,1.93,2097.29,0.12
24/03/2015,1.94,2107.96,0.11
25/03/2015,2,2112.93,0.12
26/03/2015,2.06,2117.69,0.11
27/03/2015,2.05,2108.92,0.12
30/03/2015,2.12,2114.76,0.12
31/03/2015,2.16,2106.85,0.06
01/04/2015,2.19,2085.51,0.12
02/04/2015,2.25,2108.29,0.12
03/04/2015,2.18,2114.49,0.12
06/04/2015,2.16,2089.46,0.13
07/04/2015,2.28,2080.15,0.12
08/04/2015,2.28,2088,0.12
09/04/2015,2.27,2116.1,0.12
10/04/2015,2.23,2105.33,0.12
13/04/2015,2.14,2099.12,0.13
14/04/2015,2.23,2098.48,0.13
15/04/2015,2.27,2121.1,0.13
16/04/2015,2.26,2122.73,0.13
17/04/2015,2.19,2129.2,0.13
20/04/2015,2.21,2127.83,0.13
21/04/2015,2.14,2125.85,0.13
22/04/2015,2.14,2130.82,0.13
23/04/2015,2.13,2126.06,0.13
24/04/2015,2.12,2104.2,0.13
27/04/2015,2.19,2123.48,0.13
28/04/2015,2.27,2120.79,0.13
29/04/2015,2.38,2107.39,0.13
30/04/2015,2.31,2111.73,0.08
01/05/2015,2.41,2109.6,0.13
04/05/2015,2.39,2114.07,0.13
05/05/2015,2.42,2095.84,0.13
06/05/2015,2.5,2092.83,0.13
07/05/2015,2.39,2079.28,0.13
08/05/2015,2.39,2080.15,0.13
11/05/2015,2.36,2105.2,0.13
12/05/2015,2.32,2108.86,0.13
13/05/2015,2.32,2094.11,0.13
14/05/2015,2.35,2084.43,0.13
15/05/2015,2.26,2096.29,0.13
18/05/2015,2.37,2100.44,0.13
19/05/2015,2.42,2121.24,0.12
20/05/2015,2.38,2109.99,0.12
21/05/2015,2.4,2122.85,0.12
22/05/2015,2.49,2124.2,0.13
25/05/2015,2.33,2108.58,0.13
26/05/2015,2.35,2102.31,0.12
27/05/2015,2.43,2101.49,0.12
28/05/2015,2.4,2057.64,0.12
29/05/2015,2.3,2063.11,0.08
01/06/2015,2.27,2077.42,0.12
02/06/2015,2.22,2076.78,0.12
03/06/2015,2.32,2068.76,0.13
04/06/2015,2.42,2081.34,0.13
05/06/2015,2.44,2046.68,0.13
08/06/2015,2.41,2051.31,0.13
09/06/2015,2.36,2076.62,0.13
10/06/2015,2.36,2099.6,0.13
11/06/2015,2.34,2108.95,0.13
12/06/2015,2.38,2107.4,0.13
15/06/2015,2.35,2124.29,0.13
16/06/2015,2.33,2126.64,0.14
17/06/2015,2.28,2128.28,0.14
18/06/2015,2.27,2119.21,0.14
19/06/2015,2.23,2114.15,0.13
22/06/2015,2.26,2102.15,0.13
23/06/2015,2.29,2079.65,0.13
24/06/2015,2.28,2067.64,0.13
25/06/2015,2.2,2093.25,0.13
26/06/2015,2.16,2108.57,0.13
29/06/2015,2.23,2108.63,0.14
30/06/2015,2.28,2103.84,0.08
01/07/2015,2.23,2098.04,0.13
02/07/2015,2.18,2093.32,0.13
03/07/2015,2.24,2099.84,0.13
06/07/2015,2.15,2083.56,0.13
07/07/2015,2.14,2077.57,0.13
08/07/2015,2.19,2104.18,0.13
09/07/2015,2.2,2084.07,0.13
10/07/2015,2.16,2086.05,0.13
13/07/2015,2.2,2083.39,0.13
14/07/2015,2.12,2091.54,0.13
15/07/2015,2.09,2102.44,0.13
16/07/2015,2.05,2096.92,0.14
17/07/2015,2.01,2079.61,0.13
20/07/2015,2.12,2035.73,0.14
21/07/2015,2.18,1970.89,0.13
22/07/2015,2.18,1893.21,0.13
23/07/2015,2.19,1867.61,0.13
24/07/2015,2.21,1940.51,0.13
27/07/2015,2.17,1987.66,0.14
28/07/2015,2.2,1988.87,0.14
29/07/2015,2.18,1972.18,0.14
30/07/2015,2.13,1913.85,0.14
31/07/2015,2.2,1948.86,0.08
03/08/2015,2.21,1951.13,0.14
04/08/2015,2.23,1921.22,0.14
05/08/2015,2.2,1969.41,0.14
06/08/2015,2.18,1942.04,0.14
07/08/2015,2.28,1952.29,0.14
10/08/2015,2.3,1961.05,0.14
11/08/2015,2.21,1953.03,0.15
12/08/2015,2.13,1978.09,0.15
13/08/2015,2.2,1995.31,0.15
14/08/2015,2.14,1990.2,0.14
17/08/2015,2.16,1958.03,0.15
18/08/2015,2.13,1966.97,0.15
19/08/2015,2.17,1942.74,0.15
20/08/2015,2.1,1938.76,0.15
21/08/2015,2.05,1932.24,0.15
24/08/2015,2.06,1931.34,0.15
25/08/2015,2.05,1881.77,0.15
26/08/2015,1.99,1884.09,0.14
27/08/2015,2.07,1920.03,0.14
28/08/2015,2.05,1923.82,0.14
31/08/2015,2.08,1951.36,0.08
01/09/2015,2.12,1987.05,0.14
02/09/2015,2.12,1979.92,0.14
03/09/2015,2.06,1995.83,0.14
04/09/2015,1.99,2013.43,0.14
07/09/2015,2.04,2014.89,0.14
08/09/2015,2.04,2017.46,0.14
09/09/2015,2.04,2003.69,0.14
10/09/2015,2.08,1994.24,0.14
11/09/2015,2.04,2023.86,0.14
14/09/2015,2.04,2033.11,0.14
15/09/2015,2.09,2033.66,0.14
16/09/2015,2.07,2030.77,0.14
17/09/2015,2.05,2018.94,0.14
18/09/2015,2.1,2052.51,0.14
21/09/2015,2.19,2075.15,0.14
22/09/2015,2.16,2071.18,0.14
23/09/2015,2.2,2065.89,0.14
24/09/2015,2.23,2090.35,0.14
25/09/2015,2.25,2089.41,0.13
28/09/2015,2.26,2079.36,0.13
29/09/2015,2.34,2104.05,0.13
30/09/2015,2.36,2109.79,0.07
01/10/2015,2.32,2102.31,0.13
02/10/2015,2.32,2099.93,0.13
05/10/2015,2.28,2099.2,0.13
06/10/2015,2.27,2078.58,0.13
07/10/2015,2.25,2081.72,0.13
08/10/2015,2.27,2075,0.13
09/10/2015,2.24,2045.97,0.13
12/10/2015,2.26,2023.04,0.13
13/10/2015,2.25,2053.19,0.13
14/10/2015,2.24,2050.44,0.13
15/10/2015,2.23,2083.58,0.13
16/10/2015,2.22,2081.24,0.13
19/10/2015,2.21,2089.17,0.13
20/10/2015,2.15,2086.59,0.13
21/10/2015,2.18,2089.14,0.13
22/10/2015,2.33,2088.87,0.12
23/10/2015,2.28,2090.11,0.12
26/10/2015,2.23,2080.41,0.12
27/10/2015,2.24,2102.63,0.12
28/10/2015,2.22,2079.51,0.12
29/10/2015,2.24,2049.62,0.12
30/10/2015,2.13,2091.69,0.07
02/11/2015,2.23,2077.07,0.12
03/11/2015,2.28,2063.59,0.12
04/11/2015,2.3,2047.62,0.12
05/11/2015,2.24,2052.23,0.12
06/11/2015,2.19,2012.37,0.12
09/11/2015,2.2,2021.94,0.12
10/11/2015,2.24,2043.41,0.12
11/11/2015,2.27,2073.07,0.12
12/11/2015,2.25,2041.89,0.12
13/11/2015,2.24,2005.55,0.12
16/11/2015,2.32,2021.15,0.13
17/11/2015,2.31,2038.97,0.13
18/11/2015,2.27,2064.29,0.12
19/11/2015,2.24,2060.99,0.12
20/11/2015,2.25,2056.5,0.12
23/11/2015,2.18,2078.36,0.12
24/11/2015,2.16,2063.36,0.12
25/11/2015,2.13,2043.94,0.12
26/11/2015,2.17,2012.66,0.12
27/11/2015,2.12,2016.71,0.12
30/11/2015,2.08,1990.26,0.08
01/12/2015,2.1,1943.09,0.13
02/12/2015,2.03,1922.03,0.13
03/12/2015,2.06,1923.67,0.13
04/12/2015,2.01,1938.68,0.13
07/12/2015,2.02,1890.28,0.13
08/12/2015,2.07,1921.84,0.13
09/12/2015,2.03,1880.33,0.14
10/12/2015,2.01,1881.33,0.14
11/12/2015,2.02,1859.33,0.14
14/12/2015,2,1868.99,0.15
15/12/2015,1.94,1906.9,0.15
16/12/2015,1.97,1877.08,0.15
17/12/2015,1.87,1903.63,0.37
18/12/2015,1.88,1882.95,0.37
21/12/2015,1.87,1893.36,0.36
22/12/2015,1.86,1940.24,0.36
23/12/2015,1.75,1939.38,0.36
24/12/2015,1.74,1903.03,0.36
25/12/2015,1.71,1912.53,0.36
28/12/2015,1.63,1915.45,0.36
29/12/2015,1.74,1880.05,0.36
30/12/2015,1.78,1853.44,0.35
31/12/2015,1.81,1852.21,0.2
01/01/2016,1.75,1851.86,0.2
04/01/2016,1.76,1829.08,0.36
05/01/2016,1.77,1864.78,0.36
06/01/2016,1.74,1895.58,0.36
07/01/2016,1.75,1926.82,0.36
08/01/2016,1.71,1917.83,0.36
11/01/2016,1.76,1917.78,0.36
12/01/2016,1.74,1945.5,0.36
13/01/2016,1.83,1921.27,0.36
14/01/2016,1.84,1929.8,0.36
15/01/2016,1.83,1951.7,0.36
18/01/2016,1.88,1948.05,0.36
19/01/2016,1.91,1932.23,0.36
20/01/2016,1.83,1978.35,0.37
21/01/2016,1.9,1986.45,0.37
22/01/2016,1.93,1993.4,0.38
25/01/2016,1.98,1999.99,0.38
26/01/2016,1.97,2001.76,0.38
27/01/2016,1.97,1979.26,0.38
28/01/2016,1.94,1989.26,0.38
29/01/2016,1.91,1989.57,0.29
01/02/2016,1.88,2022.19,0.38
02/02/2016,1.92,2019.64,0.38
03/02/2016,1.94,2015.93,0.38
04/02/2016,1.88,2027.22,0.38
05/02/2016,1.91,2040.59,0.38
08/02/2016,1.89,2049.58,0.38
09/02/2016,1.81,2051.6,0.38
10/02/2016,1.83,2049.8,0.38
11/02/2016,1.78,2036.71,0.38
12/02/2016,1.79,2035.94,0.38
15/02/2016,1.78,2037.05,0.38
16/02/2016,1.73,2055.01,0.38
17/02/2016,1.76,2063.95,0.37
18/02/2016,1.7,2059.74,0.38
19/02/2016,1.72,2072.78,0.38
22/02/2016,1.73,2066.13,0.38
23/02/2016,1.79,2045.17,0.38
24/02/2016,1.77,2066.66,0.38
25/02/2016,1.8,2041.91,0.37
26/02/2016,1.76,2047.6,0.37
29/02/2016,1.78,2041.99,0.29
01/03/2016,1.79,2061.72,0.36
02/03/2016,1.85,2082.42,0.37
03/03/2016,1.88,2082.78,0.37
04/03/2016,1.89,2080.73,0.36
07/03/2016,1.91,2094.34,0.36
08/03/2016,1.94,2100.8,0.36
09/03/2016,1.87,2102.4,0.36
10/03/2016,1.84,2091.48,0.36
11/03/2016,1.83,2091.58,0.36
14/03/2016,1.88,2087.79,0.36
15/03/2016,1.81,2091.7,0.37
16/03/2016,1.79,2095.15,0.37
17/03/2016,1.76,2075.81,0.37
18/03/2016,1.79,2065.3,0.37
21/03/2016,1.77,2081.43,0.37
22/03/2016,1.77,2063.37,0.37
23/03/2016,1.73,2051.12,0.37
24/03/2016,1.75,2050.63,0.37
25/03/2016,1.71,2057.14,0.37
28/03/2016,1.75,2058.69,0.37
29/03/2016,1.76,2084.39,0.37
30/03/2016,1.87,2064.46,0.37
31/03/2016,1.85,2064.11,0.25
01/04/2016,1.85,2046.61,0.37
04/04/2016,1.84,2066.66,0.37
05/04/2016,1.86,2047.21,0.37
06/04/2016,1.87,2047.63,0.37
07/04/2016,1.83,2040.04,0.37
08/04/2016,1.85,2052.32,0.37
11/04/2016,1.84,2048.04,0.37
12/04/2016,1.85,2076.06,0.37
13/04/2016,1.81,2090.54,0.37
14/04/2016,1.71,2090.1,0.37
15/04/2016,1.73,2099.06,0.37
18/04/2016,1.72,2096.96,0.37
19/04/2016,1.71,2099.33,0.37
20/04/2016,1.68,2105.26,0.37
21/04/2016,1.64,2099.13,0.37
22/04/2016,1.62,2109.41,0.37
25/04/2016,1.62,2112.13,0.37
26/04/2016,1.6,2119.12,0.37
27/04/2016,1.57,2115.48,0.37
28/04/2016,1.62,2096.07,0.37
29/04/2016,1.67,2079.06,0.3
02/05/2016,1.71,2075.32,0.37
03/05/2016,1.69,2071.5,0.37
04/05/2016,1.74,2077.99,0.37
05/05/2016,1.57,2071.22,0.37
06/05/2016,1.46,2083.25,0.37
09/05/2016,1.46,2088.9,0.37
10/05/2016,1.5,2085.45,0.37
11/05/2016,1.49,2113.32,0.37
12/05/2016,1.46,2037.41,0.37
13/05/2016,1.37,2000.54,0.37
16/05/2016,1.38,2036.09,0.37
17/05/2016,1.4,2070.77,0.37
18/05/2016,1.37,2098.86,0.37
19/05/2016,1.43,2102.95,0.37
20/05/2016,1.53,2088.55,0.37
23/05/2016,1.48,2099.73,0.37
24/05/2016,1.53,2097.9,0.37
25/05/2016,1.6,2129.9,0.37
26/05/2016,1.59,2137.16,0.37
27/05/2016,1.56,2152.14,0.37
30/05/2016,1.59,2152.43,0.37
31/05/2016,1.57,2163.75,0.29
01/06/2016,1.57,2161.74,0.37
02/06/2016,1.58,2166.89,0.37
03/06/2016,1.57,2163.78,0.37
06/06/2016,1.52,2173.02,0.37
07/06/2016,1.52,2165.17,0.37
08/06/2016,1.46,2175.03,0.37
09/06/2016,1.51,2168.48,0.37
10/06/2016,1.55,2169.18,0.37
13/06/2016,1.55,2166.58,0.37
14/06/2016,1.51,2170.06,0.37
15/06/2016,1.59,2173.6,0.37
16/06/2016,1.59,2170.84,0.38
17/06/2016,1.55,2157.03,0.38
20/06/2016,1.5,2163.79,0.38
21/06/2016,1.57,2164.25,0.38
22/06/2016,1.51,2182.87,0.38
23/06/2016,1.55,2180.89,0.39
24/06/2016,1.57,2181.74,0.4
27/06/2016,1.56,2175.49,0.41
28/06/2016,1.53,2185.79,0.41
29/06/2016,1.58,2184.05,0.41
30/06/2016,1.55,2190.15,0.3
01/07/2016,1.55,2178.15,0.41
04/07/2016,1.56,2182.22,0.41
05/07/2016,1.58,2187.02,0.4
06/07/2016,1.62,2183.87,0.4
07/07/2016,1.57,2182.64,0.4
08/07/2016,1.57,2186.9,0.4
11/07/2016,1.58,2175.44,0.4
12/07/2016,1.57,2172.47,0.4
13/07/2016,1.6,2169.04,0.4
14/07/2016,1.55,2180.38,0.4
15/07/2016,1.54,2176.12,0.4
18/07/2016,1.61,2170.95,0.4
19/07/2016,1.67,2170.86,0.4
20/07/2016,1.68,2179.98,0.4
21/07/2016,1.73,2186.48,0.4
22/07/2016,1.7,2186.16,0.4
25/07/2016,1.71,2181.3,0.4
26/07/2016,1.7,2127.81,0.4
27/07/2016,1.7,2159.04,0.4
28/07/2016,1.69,2127.02,0.4
29/07/2016,1.66,2125.77,0.3
01/08/2016,1.63,2147.26,0.4
02/08/2016,1.62,2139.16,0.4
03/08/2016,1.59,2139.12,0.4
04/08/2016,1.56,2139.76,0.4
05/08/2016,1.57,2163.12,0.4
08/08/2016,1.56,2177.18,0.4
09/08/2016,1.6,2164.69,0.4
10/08/2016,1.63,2146.1,0.4
11/08/2016,1.69,2159.93,0.4
12/08/2016,1.72,2171.37,0.4
15/08/2016,1.75,2151.13,0.4
16/08/2016,1.73,2168.27,0.4
17/08/2016,1.77,2161.2,0.4
18/08/2016,1.79,2150.49,0.4
19/08/2016,1.75,2159.73,0.4
22/08/2016,1.8,2160.77,0.4
23/08/2016,1.77,2153.74,0.4
24/08/2016,1.75,2163.66,0.4
25/08/2016,1.76,2136.73,0.4
26/08/2016,1.76,2139.18,0.4
29/08/2016,1.74,2132.55,0.4
30/08/2016,1.77,2132.98,0.4
31/08/2016,1.77,2126.5,0.3
01/09/2016,1.79,2139.6,0.4
02/09/2016,1.85,2144.29,0.4
05/09/2016,1.86,2141.34,0.4
06/09/2016,1.84,2141.16,0.4
07/09/2016,1.83,2151.33,0.4
08/09/2016,1.81,2143.16,0.4
09/09/2016,1.82,2139.43,0.4
12/09/2016,1.79,2133.04,0.4
13/09/2016,1.83,2126.41,0.4
14/09/2016,1.88,2126.15,0.4
15/09/2016,2.07,2111.72,0.4
16/09/2016,2.15,2097.94,0.4
19/09/2016,2.23,2088.66,0.4
20/09/2016,2.23,2085.18,0.4
21/09/2016,2.22,2131.52,0.4
22/09/2016,2.29,2139.56,0.4
23/09/2016,2.34,2163.26,0.4
26/09/2016,2.33,2167.48,0.4
27/09/2016,2.31,2164.45,0.4
28/09/2016,2.36,2164.2,0.4
29/09/2016,2.36,2180.39,0.4
30/09/2016,2.32,2176.94,0.29
03/10/2016,2.3,2187.12,0.4
04/10/2016,2.37,2181.9,0.4
05/10/2016,2.45,2198.18,0.4
06/10/2016,2.4,2202.94,0.4
07/10/2016,2.39,2204.72,0.4
10/10/2016,2.39,2213.35,0.4
11/10/2016,2.34,2201.72,0.41
12/10/2016,2.4,2204.66,0.41
13/10/2016,2.47,2198.81,0.41
14/10/2016,2.49,2191.08,0.41
17/10/2016,2.48,2191.95,0.41
18/10/2016,2.54,2204.71,0.41
19/10/2016,2.6,2212.23,0.41
20/10/2016,2.6,2241.35,0.41
21/10/2016,2.54,2246.19,0.41
24/10/2016,2.57,2259.53,0.41
25/10/2016,2.55,2256.96,0.41
26/10/2016,2.55,2271.72,0.41
27/10/2016,2.55,2253.28,0.41
28/10/2016,2.57,2262.03,0.41
31/10/2016,2.51,2258.07,0.31
01/11/2016,2.49,2262.53,0.41
02/11/2016,2.45,2270.76,0.41
03/11/2016,2.45,2265.18,0.41
04/11/2016,2.46,2260.96,0.41
07/11/2016,2.37,2263.79,0.41
08/11/2016,2.42,2268.88,0.41
09/11/2016,2.38,2249.92,0.41
10/11/2016,2.38,2249.26,0.41
11/11/2016,2.38,2238.83,0.41
14/11/2016,2.36,2257.83,0.41
15/11/2016,2.4,2270.75,0.41
16/11/2016,2.33,2269,0.41
17/11/2016,2.42,2276.98,0.41
18/11/2016,2.47,2268.9,0.41
21/11/2016,2.48,2268.9,0.41
22/11/2016,2.41,2275.32,0.41
23/11/2016,2.47,2270.44,0.41
24/11/2016,2.53,2274.64,0.41
25/11/2016,2.51,2267.89,0.41
28/11/2016,2.49,2271.89,0.41
29/11/2016,2.49,2263.69,0.41
30/11/2016,2.45,2271.31,0.31
01/12/2016,2.48,2265.2,0.41
02/12/2016,2.48,2280.07,0.41
05/12/2016,2.49,2298.37,0.41
06/12/2016,2.42,2296.68,0.41
07/12/2016,2.4,2294.69,0.41
08/12/2016,2.34,2280.9,0.41
09/12/2016,2.4,2278.87,0.41
12/12/2016,2.41,2279.55,0.41
13/12/2016,2.43,2280.85,0.41
14/12/2016,2.47,2297.42,0.41
15/12/2016,2.51,2292.56,0.66
16/12/2016,2.45,2293.08,0.66
19/12/2016,2.42,2294.67,0.66
20/12/2016,2.43,2307.87,0.66
21/12/2016,2.42,2316.1,0.66
22/12/2016,2.38,2328.25,0.66
23/12/2016,2.31,2337.58,0.66
26/12/2016,2.36,2349.25,0.66
27/12/2016,2.36,2347.22,0.66
28/12/2016,2.46,2351.16,0.66
29/12/2016,2.49,2365.38,0.66
30/12/2016,2.49,2362.82,0.55
02/01/2017,2.49,2363.81,0.55
03/01/2017,2.52,2367.34,0.66
04/01/2017,2.57,2369.75,0.66
05/01/2017,2.6,2363.64,0.66
06/01/2017,2.58,2395.96,0.66
09/01/2017,2.62,2381.92,0.66
10/01/2017,2.6,2383.12,0.66
11/01/2017,2.51,2375.31,0.66
12/01/2017,2.53,2368.39,0.66
13/01/2017,2.5,2362.98,0.66
16/01/2017,2.47,2364.87,0.66
17/01/2017,2.43,2372.6,0.66
18/01/2017,2.4,2373.47,0.66
19/01/2017,2.41,2365.45,0.66
20/01/2017,2.4,2385.26,0.66
23/01/2017,2.38,2381.38,0.66
24/01/2017,2.42,2378.25,0.66
25/01/2017,2.39,2373.47,0.66
26/01/2017,2.42,2344.02,0.66
27/01/2017,2.4,2348.45,0.66
30/01/2017,2.35,2345.96,0.66
31/01/2017,2.36,2343.98,0.56
01/02/2017,2.34,2341.59,0.66
02/02/2017,2.34,2358.57,0.66
03/02/2017,2.38,2361.13,0.66
06/02/2017,2.37,2368.06,0.66
07/02/2017,2.32,2362.72,0.66
08/02/2017,2.28,2358.84,0.66
09/02/2017,2.24,2360.16,0.66
10/02/2017,2.26,2352.95,0.66
13/02/2017,2.18,2357.49,0.66
14/02/2017,2.21,2355.54,0.66
15/02/2017,2.24,2357.16,0.66
16/02/2017,2.24,2353.78,0.66
17/02/2017,2.28,2344.93,0.66
20/02/2017,2.35,2328.95,0.66
21/02/2017,2.32,2349.01,0.66
22/02/2017,2.3,2342.19,0.66
23/02/2017,2.29,2338.17,0.66
24/02/2017,2.33,2355.84,0.66
27/02/2017,2.29,2348.69,0.66
28/02/2017,2.33,2374.15,0.57
01/03/2017,2.36,2388.61,0.66
02/03/2017,2.36,2387.45,0.66
03/03/2017,2.39,2388.77,0.66
06/03/2017,2.42,2384.2,0.66
07/03/2017,2.41,2388.33,0.66
08/03/2017,2.39,2391.17,0.66
09/03/2017,2.33,2388.13,0.66
10/03/2017,2.34,2389.52,0.66
13/03/2017,2.33,2399.29,0.66
14/03/2017,2.22,2399.38,0.66
15/03/2017,2.23,2396.92,0.66
16/03/2017,2.23,2399.63,0.91
17/03/2017,2.25,2394.44,0.91
20/03/2017,2.29,2390.9,0.91
21/03/2017,2.26,2402.32,0.91
22/03/2017,2.25,2400.67,0.91
23/03/2017,2.25,2357.03,0.91
24/03/2017,2.21,2365.72,0.91
27/03/2017,2.21,2381.73,0.91
28/03/2017,2.21,2394.02,0.91
29/03/2017,2.15,2398.42,0.91
30/03/2017,2.18,2404.39,0.91
31/03/2017,2.14,2415.07,0.82
03/04/2017,2.18,2415.82,0.91
04/04/2017,2.19,2412.91,0.91
05/04/2017,2.21,2411.8,0.91
06/04/2017,2.21,2430.06,0.91
07/04/2017,2.21,2439.07,0.91
10/04/2017,2.15,2436.1,0.91
11/04/2017,2.16,2429.33,0.91
12/04/2017,2.16,2433.14,0.91
13/04/2017,2.19,2433.79,0.91
14/04/2017,2.16,2431.77,0.91
17/04/2017,2.16,2429.39,0.91
18/04/2017,2.15,2440.35,0.91
19/04/2017,2.15,2437.92,0.91
20/04/2017,2.14,2432.46,0.91
21/04/2017,2.21,2433.15,0.91
24/04/2017,2.22,2453.46,0.91
25/04/2017,2.27,2437.03,0.91
26/04/2017,2.31,2435.61,0.91
27/04/2017,2.35,2434.5,0.91
28/04/2017,2.33,2438.3,0.83
01/05/2017,2.37,2439.07,0.91
02/05/2017,2.39,2419.38,0.91
03/05/2017,2.38,2440.69,0.91
04/05/2017,2.37,2419.7,0.91
05/05/2017,2.33,2423.41,0.91
08/05/2017,2.35,2429.01,0.91
09/05/2017,2.33,2432.54,0.91
10/05/2017,2.31,2409.75,0.91
11/05/2017,2.27,2425.18,0.91
12/05/2017,2.27,2427.43,0.91
15/05/2017,2.27,2425.53,0.91
16/05/2017,2.24,2443.25,0.91
17/05/2017,2.26,2447.83,0.91
18/05/2017,2.33,2459.27,0.91
19/05/2017,2.29,2459.14,0.91
22/05/2017,2.32,2460.61,0.91
23/05/2017,2.3,2473.83,0.91
24/05/2017,2.3,2473.45,0.91
25/05/2017,2.26,2472.54,0.91
26/05/2017,2.27,2469.91,0.91
29/05/2017,2.24,2477.13,0.91
30/05/2017,2.27,2477.83,0.91
31/05/2017,2.26,2475.42,0.83
01/06/2017,2.29,2472.1,0.91
02/06/2017,2.24,2470.3,0.91
05/06/2017,2.2,2476.35,0.91
06/06/2017,2.19,2477.57,0.91
07/06/2017,2.22,2472.16,0.91
08/06/2017,2.27,2476.83,0.91
09/06/2017,2.23,2480.91,0.91
12/06/2017,2.19,2474.92,0.91
13/06/2017,2.19,2474.02,0.91
14/06/2017,2.18,2438.21,0.91
15/06/2017,2.22,2441.32,1.16
16/06/2017,2.17,2465.84,1.16
19/06/2017,2.19,2464.61,1.16
20/06/2017,2.17,2468.11,1.16
21/06/2017,2.16,2430.01,1.16
22/06/2017,2.13,2425.55,1.16
23/06/2017,2.15,2428.37,1.16
26/06/2017,2.12,2452.51,1.16
27/06/2017,2.16,2444.04,1.16
28/06/2017,2.07,2438.97,1.16
29/06/2017,2.1,2443.05,1.16
30/06/2017,2.05,2444.24,1.06
03/07/2017,2.06,2446.3,1.16
04/07/2017,2.14,2457.59,1.16
05/07/2017,2.17,2471.65,1.16
06/07/2017,2.2,2476.55,1.16
07/07/2017,2.2,2457.85,1.16
10/07/2017,2.2,2465.54,1.16
11/07/2017,2.23,2465.1,1.16
12/07/2017,2.24,2461.43,1.16
13/07/2017,2.28,2488.11,1.16
14/07/2017,2.27,2496.48,1.16
17/07/2017,2.26,2498.37,1.16
18/07/2017,2.22,2495.62,1.16
19/07/2017,2.24,2500.23,1.16
20/07/2017,2.31,2503.87,1.16
21/07/2017,2.31,2506.65,1.16
24/07/2017,2.33,2508.24,1.16
25/07/2017,2.34,2500.6,1.16
26/07/2017,2.33,2502.22,1.16
27/07/2017,2.33,2496.66,1.16
28/07/2017,2.35,2496.84,1.16
31/07/2017,2.37,2507.04,1.07
01/08/2017,2.35,2510.06,1.16
02/08/2017,2.35,2519.36,1.16
03/08/2017,2.33,2529.12,1.16
04/08/2017,2.28,2534.58,1.16
07/08/2017,2.3,2537.74,1.16
08/08/2017,2.3,2552.07,1.16
09/08/2017,2.34,2549.33,1.16
10/08/2017,2.33,2544.73,1.16
11/08/2017,2.39,2550.64,1.16
14/08/2017,2.38,2555.24,1.16
15/08/2017,2.42,2550.93,1.16
16/08/2017,2.44,2553.17,1.16
17/08/2017,2.46,2557.64,1.16
18/08/2017,2.42,2559.36,1.16
21/08/2017,2.37,2561.26,1.16
22/08/2017,2.38,2562.1,1.16
23/08/2017,2.37,2575.21,1.16
24/08/2017,2.35,2564.98,1.16
25/08/2017,2.34,2569.13,1.16
28/08/2017,2.32,2557.15,1.16
29/08/2017,2.32,2560.4,1.16
30/08/2017,2.32,2581.07,1.16
31/08/2017,2.33,2572.83,1.07
01/09/2017,2.4,2575.26,1.16
04/09/2017,2.4,2579.36,1.16
05/09/2017,2.38,2579.85,1.16
06/09/2017,2.33,2587.84,1.16
07/09/2017,2.37,2591.13,1.16
08/09/2017,2.35,2590.64,1.16
11/09/2017,2.37,2594.38,1.16
12/09/2017,2.36,2584.62,1.16
13/09/2017,2.32,2582.3,1.16
14/09/2017,2.34,2584.84,1.16
15/09/2017,2.32,2578.87,1.16
18/09/2017,2.34,2564.62,1.16
19/09/2017,2.37,2585.64,1.16
20/09/2017,2.42,2578.85,1.16
21/09/2017,2.37,2582.14,1.16
22/09/2017,2.37,2599.03,1.16
25/09/2017,2.36,2597.08,1.16
26/09/2017,2.33,2602.42,1.16
27/09/2017,2.37,2601.42,1.16
28/09/2017,2.38,2627.04,1.16
29/09/2017,2.39,2626.07,1.06
02/10/2017,2.4,2647.58,1.16
03/10/2017,2.36,2642.22,1.16
04/10/2017,2.35,2639.44,1.16
05/10/2017,2.35,2629.57,1.16
06/10/2017,2.39,2629.27,1.16
09/10/2017,2.46,2636.98,1.16
10/10/2017,2.49,2651.5,1.16
11/10/2017,2.48,2659.99,1.16
12/10/2017,2.48,2664.11,1.16
13/10/2017,2.47,2662.85,1.16
16/10/2017,2.42,2652.01,1.16
17/10/2017,2.43,2675.81,1.16
18/10/2017,2.4,2690.16,1.16
19/10/2017,2.46,2681.47,1.16
20/10/2017,2.44,2679.25,1.16
23/10/2017,2.46,2684.57,1.16
24/10/2017,2.47,2683.34,1.16
25/10/2017,2.49,2680.5,1.16
26/10/2017,2.55,2682.62,1.16
27/10/2017,2.55,2687.54,1.16
30/10/2017,2.54,2673.61,1.16
31/10/2017,2.55,2695.81,1.07
01/11/2017,2.54,2713.06,1.16
02/11/2017,2.57,2723.99,1.16
03/11/2017,2.62,2743.15,1.16
06/11/2017,2.64,2747.71,1.16
07/11/2017,2.66,2751.29,1.16
08/11/2017,2.63,2748.23,1.16
09/11/2017,2.65,2767.56,1.16
10/11/2017,2.63,2786.24,1.16
13/11/2017,2.66,2776.42,1.16
14/11/2017,2.7,2802.56,1.16
15/11/2017,2.73,2798.03,1.16
16/11/2017,2.72,2810.3,1.16
17/11/2017,2.78,2832.97,1.16
20/11/2017,2.84,2839.13,1.16
21/11/2017,2.77,2837.54,1.16
22/11/2017,2.79,2839.25,1.16
23/11/2017,2.84,2872.87,1.16
24/11/2017,2.85,2853.53,1.16
27/11/2017,2.83,2822.43,1.16
28/11/2017,2.86,2823.81,1.16
29/11/2017,2.83,2821.98,1.16
30/11/2017,2.91,2762.13,1.07
01/12/2017,2.9,2648.94,1.16
04/12/2017,2.87,2695.14,1.16
05/12/2017,2.88,2681.66,1.16
06/12/2017,2.94,2581,1.16
07/12/2017,2.92,2619.55,1.16
08/12/2017,2.88,2656,1.16
11/12/2017,2.86,2662.94,1.16
12/12/2017,2.9,2698.63,1.17
13/12/2017,2.87,2731.2,1.17
14/12/2017,2.81,2732.22,1.41
15/12/2017,2.86,2716.26,1.41
18/12/2017,2.88,2701.33,1.42
19/12/2017,2.88,2703.96,1.42
20/12/2017,2.89,2747.3,1.42
21/12/2017,2.86,2779.6,1.42
22/12/2017,2.9,2744.28,1.42
25/12/2017,2.87,2713.83,1.42
26/12/2017,2.84,2677.67,1.42
27/12/2017,2.81,2691.25,1.42
28/12/2017,2.82,2720.94,1.42
29/12/2017,2.85,2728.12,1.33
01/01/2018,2.85,2726.8,1.33
02/01/2018,2.89,2738.97,1.42
03/01/2018,2.89,2786.57,1.42
04/01/2018,2.83,2783.02,1.42
05/01/2018,2.82,2765.31,1.42
08/01/2018,2.85,2749.48,1.42
09/01/2018,2.78,2747.33,1.42
10/01/2018,2.77,2752.01,1.42
11/01/2018,2.74,2712.92,1.42
12/01/2018,2.73,2716.94,1.42
15/01/2018,2.79,2711.93,1.42
16/01/2018,2.79,2643.69,1.42
17/01/2018,2.83,2588.26,1.42
18/01/2018,2.77,2658.55,1.42
19/01/2018,2.78,2612.62,1.42
22/01/2018,2.8,2605,1.42
23/01/2018,2.79,2640.87,1.42
24/01/2018,2.83,2581.88,1.42
25/01/2018,2.82,2614.45,1.42
26/01/2018,2.83,2644.69,1.42
29/01/2018,2.82,2662.84,1.42
30/01/2018,2.87,2604.47,1.42
31/01/2018,2.92,2613.16,1.34
01/02/2018,2.96,2656.87,1.42
02/02/2018,2.98,2642.19,1.42
05/02/2018,3,2663.99,1.42
06/02/2018,3.03,2656.3,1.42
07/02/2018,3,2677.84,1.42
08/02/2018,2.96,2706.39,1.42
09/02/2018,2.95,2708.64,1.42
12/02/2018,2.97,2693.13,1.42
13/02/2018,2.97,2670.14,1.42
14/02/2018,2.94,2670.29,1.42
15/02/2018,2.95,2634.56,1.42
16/02/2018,2.95,2639.4,1.42
19/02/2018,2.97,2666.94,1.42
20/02/2018,3,2669.91,1.42
21/02/2018,2.97,2648.05,1.42
22/02/2018,2.97,2654.8,1.42
23/02/2018,3,2635.67,1.42
26/02/2018,3.08,2629.73,1.42
27/02/2018,3.09,2663.42,1.42
28/02/2018,3.11,2672.63,1.35
01/03/2018,3.06,2671.92,1.42
02/03/2018,3.06,2697.79,1.42
05/03/2018,3.06,2723.07,1.42
06/03/2018,3.01,2727.72,1.42
07/03/2018,2.98,2730.13,1.42
08/03/2018,2.93,2711.45,1.42
09/03/2018,2.77,2722.46,1.42
12/03/2018,2.84,2720.13,1.42
13/03/2018,2.83,2712.97,1.42
14/03/2018,2.89,2733.01,1.42
15/03/2018,2.94,2724.44,1.43
16/03/2018,2.92,2733.29,1.43
19/03/2018,2.97,2727.76,1.43
20/03/2018,2.93,2721.33,1.44
21/03/2018,2.93,2689.86,1.44
22/03/2018,2.96,2724.01,1.68
23/03/2018,2.96,2705.27,1.68
26/03/2018,2.98,2734.62,1.68
27/03/2018,2.94,2746.87,1.68
28/03/2018,2.93,2748.8,1.68
29/03/2018,2.92,2772.35,1.68
30/03/2018,2.89,2770.37,1.67
02/04/2018,2.93,2779.03,1.68
03/04/2018,2.9,2782,1.69
04/04/2018,2.9,2786.85,1.69
05/04/2018,2.87,2775.63,1.69
06/04/2018,2.88,2782.49,1.69
09/04/2018,2.83,2779.66,1.69
10/04/2018,2.84,2773.75,1.69
11/04/2018,2.85,2762.59,1.69
12/04/2018,2.87,2767.32,1.69
13/04/2018,2.83,2749.76,1.69
16/04/2018,2.84,2754.88,1.69
17/04/2018,2.82,2717.07,1.69
18/04/2018,2.86,2723.06,1.69
19/04/2018,2.87,2699.63,1.69
20/04/2018,2.85,2716.31,1.7
23/04/2018,2.85,2718.37,1.7
24/04/2018,2.83,2726.71,1.7
25/04/2018,2.85,2713.22,1.7
26/04/2018,2.86,2736.61,1.7
27/04/2018,2.88,2759.82,1.7
30/04/2018,2.84,2784.17,1.69
01/05/2018,2.89,2793.84,1.7
02/05/2018,2.96,2774.02,1.7
03/05/2018,2.95,2798.29,1.7
04/05/2018,2.94,2801.31,1.7
07/05/2018,2.98,2798.43,1.7
08/05/2018,2.96,2809.55,1.7
09/05/2018,2.98,2815.62,1.7
10/05/2018,2.96,2804.49,1.7
11/05/2018,3,2801.83,1.7
14/05/2018,2.98,2806.98,1.7
15/05/2018,2.95,2820.4,1.7
16/05/2018,2.94,2846.07,1.7
17/05/2018,2.98,2837.44,1.7
18/05/2018,2.96,2818.82,1.7
21/05/2018,2.93,2802.6,1.7
22/05/2018,2.87,2816.29,1.7
23/05/2018,2.88,2813.36,1.7
24/05/2018,2.89,2827.22,1.7
25/05/2018,2.86,2840.35,1.7
28/05/2018,2.87,2850.4,1.7
29/05/2018,2.87,2858.45,1.7
30/05/2018,2.82,2857.7,1.7
31/05/2018,2.85,2853.58,1.7
01/06/2018,2.82,2833.28,1.7
04/06/2018,2.82,2821.93,1.7
05/06/2018,2.82,2839.96,1.7
06/06/2018,2.85,2818.37,1.7
07/06/2018,2.88,2840.69,1.7
08/06/2018,2.89,2850.13,1.7
11/06/2018,2.86,2857.05,1.7
12/06/2018,2.86,2862.96,1.7
13/06/2018,2.9,2861.82,1.7
14/06/2018,2.9,2856.98,1.9
15/06/2018,2.88,2874.69,1.9
18/06/2018,2.94,2896.74,1.9
19/06/2018,2.94,2897.52,1.91
20/06/2018,2.98,2914.04,1.92
21/06/2018,2.97,2901.13,1.92
22/06/2018,2.97,2901.52,1.92
25/06/2018,2.99,2896.72,1.92
26/06/2018,2.99,2888.6,1.92
27/06/2018,3.05,2878.05,1.91
28/06/2018,3.08,2871.68,1.91
29/06/2018,3.07,2877.13,1.91
02/07/2018,3.07,2887.89,1.91
03/07/2018,3.08,2888.92,1.91
04/07/2018,3.1,2904.18,1.91
05/07/2018,3.06,2904.98,1.91
06/07/2018,3.06,2888.8,1.91
09/07/2018,3.05,2904.31,1.91
10/07/2018,3.09,2907.95,1.91
11/07/2018,3.05,2930.75,1.91
12/07/2018,3.15,2929.67,1.91
13/07/2018,3.19,2919.37,1.91
16/07/2018,3.23,2915.56,1.91
17/07/2018,3.21,2905.97,1.91
18/07/2018,3.22,2914,1.91
19/07/2018,3.14,2913.98,1.91
20/07/2018,3.15,2924.59,1.91
23/07/2018,3.16,2923.43,1.91
24/07/2018,3.16,2925.51,1.91
25/07/2018,3.19,2901.61,1.91
26/07/2018,3.17,2885.57,1.91
27/07/2018,3.2,2884.43,1.91
30/07/2018,3.2,2880.34,1.91
31/07/2018,3.17,2785.68,1.91
01/08/2018,3.1,2728.37,1.91
02/08/2018,3.14,2767.13,1.91
03/08/2018,3.08,2750.79,1.91
06/08/2018,3.08,2809.92,1.91
07/08/2018,3.12,2809.21,1.91
08/08/2018,3.15,2768.78,1.91
09/08/2018,3.14,2767.78,1.91
10/08/2018,3.22,2755.88,1.91
13/08/2018,3.2,2740.69,1.91
14/08/2018,3.22,2656.1,1.91
15/08/2018,3.22,2705.57,1.91
16/08/2018,3.24,2658.69,1.92
17/08/2018,3.19,2641.25,1.92
20/08/2018,3.14,2682.63,1.92
21/08/2018,3.12,2711.74,1.92
22/08/2018,3.11,2740.37,1.92
23/08/2018,3.08,2723.06,1.92
24/08/2018,3.06,2738.31,1.92
27/08/2018,3.06,2755.45,1.92
28/08/2018,3.06,2813.89,1.92
29/08/2018,3.05,2806.83,1.92
30/08/2018,3.07,2781.01,1.92
31/08/2018,3.06,2726.22,1.91
03/09/2018,3.06,2722.18,1.91
04/09/2018,3.03,2701.58,1.92
05/09/2018,3.01,2730.2,1.92
06/09/2018,2.98,2736.27,1.92
07/09/2018,2.91,2690.73,1.92
10/09/2018,2.87,2641.89,1.92
11/09/2018,2.85,2649.93,1.92
12/09/2018,2.85,2632.56,1.92
13/09/2018,2.89,2673.45,1.92
14/09/2018,2.91,2682.17,1.92
17/09/2018,2.91,2743.79,1.92
18/09/2018,2.89,2737.76,1.92
19/09/2018,2.86,2760.17,1.92
20/09/2018,2.82,2790.37,1.92
21/09/2018,2.77,2700.06,1.92
24/09/2018,2.79,2695.95,1.93
25/09/2018,2.79,2633.08,1.93
26/09/2018,2.74,2637.72,1.93
27/09/2018,2.81,2636.78,2.18
28/09/2018,2.77,2651.07,2.18
01/10/2018,2.72,2650.54,2.18
02/10/2018,2.69,2599.95,2.18
03/10/2018,2.66,2545.94,2.18
04/10/2018,2.56,2546.16,2.18
05/10/2018,2.67,2506.96,2.18
08/10/2018,2.7,2467.42,2.18
09/10/2018,2.73,2416.62,2.18
10/10/2018,2.74,2351.1,2.18
11/10/2018,2.74,2467.7,2.18
12/10/2018,2.71,2488.83,2.18
15/10/2018,2.71,2485.74,2.18
16/10/2018,2.72,2506.85,2.18
17/10/2018,2.73,2510.03,2.19
18/10/2018,2.75,2447.89,2.19
19/10/2018,2.79,2531.94,2.19
22/10/2018,2.74,2549.69,2.19
23/10/2018,2.76,2574.41,2.2
24/10/2018,2.72,2584.96,2.2
25/10/2018,2.76,2596.64,2.2
26/10/2018,2.75,2596.26,2.2
29/10/2018,2.72,2582.61,2.2
30/10/2018,2.7,2610.3,2.2
31/10/2018,2.63,2616.1,2.2
01/11/2018,2.7,2635.96,2.2
02/11/2018,2.73,2670.71,2.19
05/11/2018,2.71,2632.9,2.2
06/11/2018,2.7,2638.7,2.2
07/11/2018,2.65,2642.33,2.2
08/11/2018,2.63,2664.76,2.2
09/11/2018,2.65,2643.85,2.19
12/11/2018,2.68,2640,2.19
13/11/2018,2.71,2681.05,2.2
14/11/2018,2.66,2704.1,2.2
15/11/2018,2.66,2706.53,2.2
16/11/2018,2.65,2724.87,2.2
19/11/2018,2.65,2737.7,2.2
20/11/2018,2.69,2731.61,2.2
21/11/2018,2.65,2706.05,2.2
22/11/2018,2.67,2707.88,2.2
23/11/2018,2.64,2709.8,2.2
26/11/2018,2.69,2744.73,2.2
27/11/2018,2.73,2753.03,2.2
28/11/2018,2.76,2745.73,2.2
29/11/2018,2.72,2775.6,2.2
30/11/2018,2.72,2779.76,2.2
03/12/2018,2.69,2784.7,2.19
04/12/2018,2.64,2774.88,2.2
05/12/2018,2.62,2792.67,2.2
06/12/2018,2.64,2796.11,2.2
07/12/2018,2.61,2793.9,2.19
10/12/2018,2.61,2792.38,2.2
11/12/2018,2.63,2784.49,2.19
12/12/2018,2.59,2803.69,2.19
13/12/2018,2.6,2792.81,2.19
14/12/2018,2.61,2789.65,2.19
17/12/2018,2.54,2771.45,2.2
18/12/2018,2.54,2748.93,2.2
19/12/2018,2.44,2743.07,2.2
20/12/2018,2.43,2783.3,2.4
21/12/2018,2.41,2791.52,2.4
24/12/2018,2.39,2810.92,2.4
25/12/2018,2.39,2808.48,2.4
26/12/2018,2.41,2822.48,2.4
27/12/2018,2.49,2832.94,2.4
28/12/2018,2.48,2832.57,2.4
31/12/2018,2.52,2824.23,2.4
01/01/2019,2.51,2854.88,2.4
02/01/2019,2.5,2800.71,2.4
03/01/2019,2.52,2798.36,2.4
04/01/2019,2.51,2818.46,2.4
07/01/2019,2.48,2805.37,2.4
08/01/2019,2.51,2815.44,2.4
09/01/2019,2.56,2834.4,2.4
10/01/2019,2.55,2867.19,2.4
11/01/2019,2.6,2867.24,2.4
14/01/2019,2.59,2873.4,2.4
15/01/2019,2.57,2879.39,2.4
16/01/2019,2.59,2892.74,2.4
17/01/2019,2.57,2895.77,2.4
18/01/2019,2.53,2878.2,2.4
21/01/2019,2.54,2888.21,2.4
22/01/2019,2.51,2888.32,2.4
23/01/2019,2.54,2907.41,2.4
24/01/2019,2.51,2905.58,2.4
25/01/2019,2.52,2907.06,2.4
28/01/2019,2.55,2900.45,2.4
29/01/2019,2.54,2905.03,2.4
30/01/2019,2.51,2907.97,2.4
31/01/2019,2.45,2933.68,2.4
01/02/2019,2.49,2927.25,2.4
04/02/2019,2.45,2926.17,2.4
05/02/2019,2.47,2939.88,2.4
06/02/2019,2.4,2943.03,2.4
07/02/2019,2.42,2945.83,2.4
08/02/2019,2.37,2923.73,2.4
11/02/2019,2.4,2917.52,2.4
12/02/2019,2.39,2945.64,2.4
13/02/2019,2.41,2932.47,2.4
14/02/2019,2.43,2884.05,2.4
15/02/2019,2.39,2879.42,2.4
18/02/2019,2.31,2870.72,2.4
19/02/2019,2.32,2881.4,2.4
20/02/2019,2.26,2811.87,2.4
21/02/2019,2.25,2834.41,2.4
22/02/2019,2.22,2850.96,2.4
25/02/2019,2.14,2876.32,2.4
26/02/2019,2.07,2859.53,2.4
27/02/2019,2.12,2840.23,2.4
28/02/2019,2.12,2864.36,2.4
01/03/2019,2.12,2856.27,2.4
04/03/2019,2.09,2822.24,2.4
05/03/2019,2.15,2826.06,2.4
06/03/2019,2.15,2802.39,2.4
07/03/2019,2.13,2783.02,2.4
08/03/2019,2.1,2788.86,2.4
11/03/2019,2.09,2752.06,2.4
12/03/2019,2.09,2744.45,2.4
13/03/2019,2.06,2803.27,2.4
14/03/2019,2.03,2826.15,2.4
15/03/2019,2.01,2843.49,2.4
18/03/2019,2.07,2873.34,2.4
19/03/2019,2.02,2886.73,2.4
20/03/2019,2,2885.72,2.41
21/03/2019,2.05,2879.84,2.41
22/03/2019,2.01,2891.64,2.41
25/03/2019,2,2886.98,2.4
26/03/2019,2.03,2889.67,2.4
27/03/2019,1.98,2917.75,2.41
28/03/2019,1.96,2926.46,2.41
29/03/2019,2.04,2954.18,2.43
01/04/2019,2.05,2950.46,2.41
02/04/2019,2.07,2945.35,2.41
03/04/2019,2.07,2917.38,2.41
04/04/2019,2.13,2913.78,2.41
05/04/2019,2.12,2924.92,2.41
08/04/2019,2.09,2941.76,2.41
09/04/2019,2.13,2964.33,2.41
10/04/2019,2.06,2973.01,2.41
11/04/2019,2.04,2995.82,2.41
12/04/2019,2.05,2990.41,2.41
15/04/2019,2.05,2975.95,2.41
16/04/2019,2.08,2979.63,2.41
17/04/2019,2.05,2993.07,2.42
18/04/2019,2.08,2999.91,2.43
19/04/2019,2.08,3013.77,2.44
22/04/2019,2.06,3014.3,2.44
23/04/2019,2.06,3004.04,2.44
24/04/2019,2.02,2984.42,2.44
25/04/2019,1.9,2995.11,2.44
26/04/2019,1.86,2976.61,2.44
29/04/2019,1.75,2985.03,2.45
30/04/2019,1.73,3005.47,2.45
01/05/2019,1.71,3019.56,2.45
02/05/2019,1.72,3003.67,2.41
03/05/2019,1.74,3025.86,2.4
06/05/2019,1.65,3020.97,2.4
07/05/2019,1.68,3013.18,2.4
08/05/2019,1.59,2980.38,2.39
09/05/2019,1.52,2953.56,2.38
10/05/2019,1.55,2932.05,2.38
13/05/2019,1.6,2844.74,2.38
14/05/2019,1.55,2881.77,2.38
15/05/2019,1.59,2883.98,2.4
16/05/2019,1.62,2938.09,2.39
17/05/2019,1.52,2918.65,2.39
20/05/2019,1.54,2883.75,2.39
21/05/2019,1.49,2926.32,2.39
22/05/2019,1.47,2840.6,2.38
23/05/2019,1.5,2847.6,2.38
24/05/2019,1.5,2888.68,2.38
27/05/2019,1.47,2923.65,2.38
28/05/2019,1.47,2900.51,2.39
29/05/2019,1.57,2924.43,2.39
30/05/2019,1.55,2922.95,2.39
31/05/2019,1.63,2847.11,2.4
03/06/2019,1.72,2878.38,2.38
04/06/2019,1.75,2869.16,2.38
05/06/2019,1.79,2887.94,2.38
06/06/2019,1.9,2924.58,2.37
07/06/2019,1.84,2926.46,2.37
10/06/2019,1.81,2906.27,2.37
11/06/2019,1.8,2937.78,2.37
12/06/2019,1.79,2976,2.37
13/06/2019,1.74,2978.71,2.37
14/06/2019,1.72,2978.43,2.36
17/06/2019,1.64,2979.39,2.38
18/06/2019,1.73,3000.93,2.37
19/06/2019,1.7,3009.57,2.37
20/06/2019,1.69,3007.39,2.37
21/06/2019,1.68,2997.96,2.38
24/06/2019,1.65,3005.7,2.38
25/06/2019,1.6,3006.73,2.38
26/06/2019,1.54,3006.79,2.38
27/06/2019,1.52,2992.07,2.38
28/06/2019,1.56,2991.78,2.4
01/07/2019,1.54,2966.6,2.39
02/07/2019,1.59,2984.87,2.4
03/07/2019,1.67,2977.62,2.41
04/07/2019,1.76,2961.79,2.41
05/07/2019,1.77,2976.74,2.42
08/07/2019,1.75,2940.25,2.41
09/07/2019,1.76,2887.61,2.41
10/07/2019,1.76,2910.63,2.41
11/07/2019,1.8,2952.01,2.4
12/07/2019,1.78,2938.79,2.38
15/07/2019,1.77,2893.06,2.4
16/07/2019,1.77,2919.4,2.41
17/07/2019,1.8,2938.13,2.41
18/07/2019,1.85,2970.27,2.41
19/07/2019,1.84,2966.15,2.41
22/07/2019,1.78,2995.68,2.4
23/07/2019,1.69,2989.69,2.4
24/07/2019,1.73,2997.95,2.4
25/07/2019,1.79,2986.2,2.4
26/07/2019,1.86,3006.72,2.4
29/07/2019,1.81,2995.99,2.4
30/07/2019,1.92,3004.52,2.39
31/07/2019,1.94,3010.29,2.4
01/08/2019,1.92,3022.55,2.14
02/08/2019,1.88,3039.42,2.14
05/08/2019,1.82,3036.89,2.13
06/08/2019,1.84,3046.77,2.13
07/08/2019,1.81,3037.56,2.12
08/08/2019,1.79,3066.91,2.12
09/08/2019,1.73,3078.27,2.12
12/08/2019,1.77,3074.62,2.12
13/08/2019,1.77,3076.78,2.12
14/08/2019,1.76,3085.18,2.12
15/08/2019,1.74,3093.08,2.13
16/08/2019,1.77,3087.01,2.13
19/08/2019,1.78,3091.84,2.13
20/08/2019,1.83,3094.04,2.13
21/08/2019,1.72,3096.63,2.12
22/08/2019,1.77,3120.46,2.12
23/08/2019,1.8,3122.03,2.12
26/08/2019,1.84,3120.18,2.12
27/08/2019,1.83,3108.46,2.12
28/08/2019,1.85,3103.54,2.12
29/08/2019,1.79,3110.29,2.12
30/08/2019,1.9,3133.64,2.13
02/09/2019,1.82,3140.52,2.13
03/09/2019,1.89,3153.63,2.13
04/09/2019,1.89,3140.98,2.13
05/09/2019,1.92,3113.87,2.13
06/09/2019,1.92,3093.2,2.12
09/09/2019,1.92,3112.76,2.13
10/09/2019,1.93,3117.43,2.13
11/09/2019,1.9,3145.91,2.13
12/09/2019,1.9,3135.96,2.13
13/09/2019,1.88,3132.52,2.14
16/09/2019,1.9,3141.63,2.25
17/09/2019,1.92,3168.57,2.3
18/09/2019,1.88,3168.8,2.25
19/09/2019,1.8,3191.45,1.9
20/09/2019,1.81,3192.52,1.9
23/09/2019,1.83,3191.14,1.9
24/09/2019,1.87,3205.37,1.9
25/09/2019,1.85,3221.22,1.9
26/09/2019,1.83,3224.01,1.85
27/09/2019,1.85,3223.38,1.83
30/09/2019,1.82,3239.91,1.9
01/10/2019,1.79,3240.02,1.88
02/10/2019,1.81,3221.29,1.85
03/10/2019,1.84,3230.78,1.83
04/10/2019,1.78,3257.85,1.82
07/10/2019,1.77,3234.85,1.82
08/10/2019,1.74,3246.28,1.82
09/10/2019,1.7,3237.18,1.82
10/10/2019,1.61,3253.05,1.82
11/10/2019,1.65,3274.7,1.82
14/10/2019,1.6,3265.35,1.82
15/10/2019,1.57,3288.13,1.9
16/10/2019,1.51,3283.15,1.9
17/10/2019,1.54,3289.29,1.85
18/10/2019,1.61,3316.81,1.85
21/10/2019,1.66,3329.62,1.85
22/10/2019,1.65,3320.79,1.85
23/10/2019,1.59,3321.75,1.85
24/10/2019,1.56,3325.54,1.85
25/10/2019,1.59,3295.47,1.83
28/10/2019,1.62,3243.63,1.83
29/10/2019,1.61,3276.24,1.82
30/10/2019,1.59,3273.4,1.82
31/10/2019,1.55,3283.66,1.58
01/11/2019,1.56,3225.52,1.57
04/11/2019,1.52,3248.92,1.56
05/11/2019,1.46,3297.59,1.56
06/11/2019,1.38,3334.69,1.55
07/11/2019,1.33,3345.78,1.55
08/11/2019,1.33,3327.71,1.55
11/11/2019,1.3,3352.09,1.55
12/11/2019,1.13,3357.75,1.55
13/11/2019,1.1,3379.45,1.55
14/11/2019,1.02,3373.94,1.55
15/11/2019,1.02,3380.16,1.55
18/11/2019,0.92,3370.29,1.55
19/11/2019,0.74,3386.15,1.55
20/11/2019,0.54,3373.23,1.55
21/11/2019,0.76,3337.75,1.55
22/11/2019,0.82,3225.89,1.55
25/11/2019,0.88,3128.21,1.55
26/11/2019,0.94,3116.39,1.55
27/11/2019,0.73,2978.76,1.55
28/11/2019,1.02,2954.22,1.55
29/11/2019,1.18,3090.23,1.56
02/12/2019,1.12,3003.37,1.56
03/12/2019,0.92,3130.12,1.55
04/12/2019,0.76,3023.94,1.55
05/12/2019,0.84,2972.37,1.55
06/12/2019,0.88,2746.56,1.55
09/12/2019,0.83,2882.23,1.55
10/12/2019,0.72,2741.38,1.55
11/12/2019,0.7,2480.64,1.55
12/12/2019,0.7,2711.02,1.55
13/12/2019,0.62,2386.13,1.55
16/12/2019,0.63,2529.19,1.56
17/12/2019,0.62,2398.1,1.55
18/12/2019,0.67,2409.39,1.55
19/12/2019,0.75,2304.92,1.55
20/12/2019,0.77,2237.4,1.55
23/12/2019,0.73,2447.33,1.55
24/12/2019,0.76,2475.56,1.55
25/12/2019,0.76,2630.07,1.55
26/12/2019,0.63,2541.47,1.55
27/12/2019,0.61,2626.65,1.55
30/12/2019,0.65,2584.59,1.55
31/12/2019,0.63,2470.5,1.55
01/01/2020,0.58,2526.9,1.55
02/01/2020,0.63,2488.65,1.55
03/01/2020,0.61,2663.68,1.55
06/01/2020,0.6,2659.41,1.55
07/01/2020,0.67,2749.98,1.55
08/01/2020,0.62,2789.82,1.55
09/01/2020,0.63,2761.63,1.55
10/01/2020,0.64,2846.06,1.54
13/01/2020,0.64,2783.36,1.54
14/01/2020,0.64,2799.55,1.54
15/01/2020,0.66,2874.56,1.54
16/01/2020,0.72,2823.16,1.54
17/01/2020,0.63,2736.56,1.55
20/01/2020,0.69,2799.31,1.55
21/01/2020,0.73,2797.8,1.55
22/01/2020,0.69,2836.74,1.55
23/01/2020,0.64,2878.48,1.55
24/01/2020,0.63,2863.39,1.55
27/01/2020,0.64,2939.51,1.55
28/01/2020,0.73,2912.43,1.55
29/01/2020,0.7,2830.71,1.55
30/01/2020,0.68,2842.74,1.6
31/01/2020,0.68,2868.44,1.59
03/02/2020,0.66,2848.42,1.59
04/02/2020,0.69,2881.19,1.59
05/02/2020,0.68,2929.8,1.59
06/02/2020,0.7,2930.32,1.59
07/02/2020,0.65,2870.12,1.58
10/02/2020,0.66,2820,1.58
11/02/2020,0.68,2852.5,1.58
12/02/2020,0.77,2863.7,1.58
13/02/2020,0.82,2953.91,1.58
14/02/2020,0.91,2922.94,1.58
17/02/2020,0.88,2971.61,1.58
18/02/2020,0.84,2948.51,1.59
19/02/2020,0.75,2955.45,1.59
20/02/2020,0.66,2991.77,1.59
21/02/2020,0.71,3036.13,1.58
24/02/2020,0.71,3029.73,1.58
25/02/2020,0.75,3044.31,1.58
26/02/2020,0.74,3055.73,1.58
27/02/2020,0.71,3080.82,1.58
28/02/2020,0.7,3122.87,1.58
02/03/2020,0.71,3112.35,1.59
03/03/2020,0.72,3193.93,1.59
04/03/2020,0.69,3232.39,1.09
05/03/2020,0.68,3207.18,1.09
06/03/2020,0.64,3190.14,1.09
09/03/2020,0.64,3002.1,1.09
10/03/2020,0.66,3041.31,1.09
11/03/2020,0.69,3066.59,1.09
12/03/2020,0.68,3124.74,1.1
13/03/2020,0.69,3113.49,1.1
16/03/2020,0.65,3115.34,0.25
17/03/2020,0.67,3097.74,0.25
18/03/2020,0.62,3117.86,0.25
19/03/2020,0.65,3131.29,0.2
20/03/2020,0.64,3050.33,0.15
23/03/2020,0.63,3083.76,0.15
24/03/2020,0.64,3009.05,0.12
25/03/2020,0.62,3053.24,0.1
26/03/2020,0.64,3100.29,0.1
27/03/2020,0.62,3115.86,0.1
30/03/2020,0.61,3130.01,0.09
31/03/2020,0.6,3179.72,0.08
01/04/2020,0.59,3145.32,0.06
02/04/2020,0.59,3169.94,0.05
03/04/2020,0.62,3152.05,0.05
06/04/2020,0.59,3185.04,0.05
07/04/2020,0.58,3155.22,0.05
08/04/2020,0.55,3197.52,0.05
09/04/2020,0.55,3226.56,0.05
10/04/2020,0.56,3215.57,0.05
13/04/2020,0.52,3224.73,0.05
14/04/2020,0.55,3251.84,0.05
15/04/2020,0.55,3257.3,0.05
16/04/2020,0.57,3276.02,0.05
17/04/2020,0.59,3235.66,0.05
20/04/2020,0.64,3215.63,0.05
21/04/2020,0.69,3239.41,0.05
22/04/2020,0.71,3218.44,0.05
23/04/2020,0.71,3258.44,0.04
24/04/2020,0.69,3246.22,0.05
27/04/2020,0.67,3271.12,0.04
28/04/2020,0.68,3294.61,0.04
29/04/2020,0.65,3306.51,0.04
30/04/2020,0.64,3327.77,0.05
01/05/2020,0.65,3349.16,0.05
04/05/2020,0.69,3351.28,0.05
05/05/2020,0.69,3360.47,0.05
06/05/2020,0.74,3333.69,0.05
07/05/2020,0.74,3380.35,0.05
08/05/2020,0.72,3373.43,0.05
11/05/2020,0.68,3372.85,0.05
12/05/2020,0.66,3381.99,0.05
13/05/2020,0.63,3389.78,0.05
14/05/2020,0.72,3374.85,0.05
15/05/2020,0.69,3385.51,0.05
18/05/2020,0.71,3397.16,0.05
19/05/2020,0.68,3431.28,0.05
20/05/2020,0.67,3443.62,0.05
21/05/2020,0.68,3478.73,0.05
22/05/2020,0.68,3484.55,0.05
25/05/2020,0.69,3508.01,0.05
26/05/2020,0.69,3500.31,0.05
27/05/2020,0.7,3526.65,0.05
28/05/2020,0.68,3580.84,0.05
29/05/2020,0.68,3455.06,0.05
01/06/2020,0.68,3426.96,0.05
02/06/2020,0.67,3331.84,0.06
03/06/2020,0.66,3398.96,0.06
04/06/2020,0.67,3339.19,0.06
05/06/2020,0.66,3340.97,0.07
08/06/2020,0.69,3383.54,0.07
09/06/2020,0.68,3401.2,0.07
10/06/2020,0.7,3385.49,0.08
11/06/2020,0.78,3357.01,0.08
12/06/2020,0.76,3319.47,0.08
15/06/2020,0.81,3281.06,0.09
16/06/2020,0.78,3315.57,0.09
17/06/2020,0.79,3236.92,0.09
18/06/2020,0.74,3246.59,0.09
19/06/2020,0.73,3298.46,0.09
22/06/2020,0.74,3351.6,0.08
23/06/2020,0.76,3335.47,0.08
24/06/2020,0.78,3363,0.08
25/06/2020,0.81,3380.8,0.08
26/06/2020,0.83,3348.44,0.08
29/06/2020,0.87,3408.63,0.08
30/06/2020,0.85,3360.95,0.08
01/07/2020,0.81,3419.45,0.08
02/07/2020,0.79,3446.83,0.09
03/07/2020,0.79,3477.13,0.09
06/07/2020,0.85,3534.22,0.09
07/07/2020,0.88,3511.93,0.09
08/07/2020,0.87,3488.67,0.09
09/07/2020,0.9,3483.34,0.09
10/07/2020,0.78,3483.81,0.09
13/07/2020,0.79,3426.92,0.09
14/07/2020,0.83,3443.12,0.09
15/07/2020,0.96,3435.56,0.1
16/07/2020,0.98,3453.49,0.1
17/07/2020,0.88,3465.39,0.09
20/07/2020,0.89,3400.97,0.1
21/07/2020,0.91,3390.68,0.1
22/07/2020,0.87,3271.03,0.09
23/07/2020,0.88,3310.11,0.09
24/07/2020,0.86,3269.96,0.09
27/07/2020,0.83,3310.24,0.1
28/07/2020,0.86,3369.16,0.1
29/07/2020,0.88,3443.44,0.1
30/07/2020,0.88,3510.45,0.1
31/07/2020,0.84,3509.44,0.1
03/08/2020,0.84,3550.5,0.1
04/08/2020,0.92,3545.53,0.1
05/08/2020,0.95,3572.66,0.1
06/08/2020,0.92,3537.01,0.1
07/08/2020,0.97,3585.15,0.1
10/08/2020,0.94,3626.91,0.1
11/08/2020,0.92,3609.53,0.1
12/08/2020,0.95,3567.79,0.1
13/08/2020,0.92,3581.87,0.1
14/08/2020,0.9,3557.54,0.1
17/08/2020,0.9,3577.59,0.1
18/08/2020,0.92,3635.41,0.09
19/08/2020,0.92,3629.65,0.09
20/08/2020,0.94,3638.35,0.09
21/08/2020,0.95,3621.63,0.09
24/08/2020,0.95,3662.45,0.09
25/08/2020,0.93,3669.01,0.09
26/08/2020,0.96,3666.72,0.09
27/08/2020,0.94,3699.12,0.08
28/08/2020,0.94,3691.96,0.09
31/08/2020,0.94,3702.25,0.09
01/09/2020,0.93,3672.82,0.09
02/09/2020,0.93,3668.1,0.09
03/09/2020,0.93,3663.46,0.09
04/09/2020,0.96,3647.49,0.09
07/09/2020,1.04,3694.62,0.09
08/09/2020,1.08,3701.17,0.09
09/09/2020,1.13,3722.48,0.09
10/09/2020,1.15,3709.41,0.09
11/09/2020,1.15,3694.92,0.09
14/09/2020,1.1,3687.26,0.09
15/09/2020,1.15,3690.01,0.09
16/09/2020,1.11,3703.06,0.09
17/09/2020,1.1,3735.36,0.09
18/09/2020,1.1,3727.04,0.09
21/09/2020,1.12,3732.04,0.09
22/09/2020,1.1,3756.07,0.09
23/09/2020,1.05,3700.65,0.09
24/09/2020,1.05,3726.86,0.09
25/09/2020,1.04,3748.14,0.09
28/09/2020,1.07,3803.79,0.09
29/09/2020,1.11,3824.68,0.09
30/09/2020,1.09,3799.61,0.09
01/10/2020,1.12,3801.19,0.09
02/10/2020,1.15,3809.84,0.09
05/10/2020,1.15,3795.54,0.09
06/10/2020,1.19,3768.25,0.09
07/10/2020,1.19,3798.91,0.09
08/10/2020,1.18,3851.85,0.09
09/10/2020,1.15,3853.07,0.09
12/10/2020,1.16,3841.47,0.09
13/10/2020,1.2,3855.36,0.09
14/10/2020,1.3,3849.62,0.09
15/10/2020,1.29,3750.77,0.09
16/10/2020,1.29,3787.38,0.09
19/10/2020,1.34,3714.24,0.09
20/10/2020,1.37,3773.86,0.09
21/10/2020,1.37,3826.31,0.09
22/10/2020,1.38,3830.17,0.09
23/10/2020,1.54,3871.74,0.09
26/10/2020,1.44,3886.83,0.09
27/10/2020,1.45,3915.59,0.09
28/10/2020,1.42,3911.23,0.09
29/10/2020,1.47,3909.88,0.09
30/10/2020,1.54,3916.38,0.09
02/11/2020,1.56,3934.83,0.09
03/11/2020,1.59,3932.59,0.09
04/11/2020,1.55,3931.33,0.09
05/11/2020,1.53,3913.97,0.09
06/11/2020,1.54,3906.71,0.09
09/11/2020,1.64,3876.5,0.09
10/11/2020,1.62,3881.37,0.09
11/11/2020,1.62,3925.43,0.09
12/11/2020,1.63,3829.34,0.09
13/11/2020,1.71,3811.15,0.09
16/11/2020,1.74,3901.82,0.09
17/11/2020,1.69,3870.29,0.09
18/11/2020,1.63,3819.72,0.09
19/11/2020,1.62,3768.47,0.08
20/11/2020,1.63,3841.94,0.08
23/11/2020,1.67,3821.35,0.08
24/11/2020,1.73,3875.44,0.08
25/11/2020,1.73,3898.81,0.08
26/11/2020,1.74,3939.34,0.08
27/11/2020,1.69,3943.34,0.08
30/11/2020,1.72,3968.94,0.09
01/12/2020,1.73,3962.71,0.09
02/12/2020,1.67,3974.12,0.09
03/12/2020,1.68,3915.46,0.09
04/12/2020,1.64,3913.1,0.09
07/12/2020,1.67,3940.59,0.09
08/12/2020,1.69,3910.52,0.09
09/12/2020,1.64,3889.14,0.09
10/12/2020,1.64,3909.52,0.09
11/12/2020,1.56,3974.54,0.09
14/12/2020,1.59,3971.09,0.09
15/12/2020,1.61,3958.55,0.09
16/12/2020,1.58,3972.89,0.09
17/12/2020,1.57,4019.87,0.09
18/12/2020,1.57,4077.91,0.09
21/12/2020,1.58,4073.94,0.09
22/12/2020,1.58,4079.95,0.09
23/12/2020,1.63,4097.17,0.09
24/12/2020,1.63,4128.8,0.09
25/12/2020,1.65,4127.99,0.09
28/12/2020,1.65,4141.59,0.09
29/12/2020,1.63,4124.66,0.09
30/12/2020,1.61,4170.42,0.09
31/12/2020,1.59,4185.47,0.09
01/01/2021,1.58,4163.26,0.09
04/01/2021,1.6,4134.94,0.09
05/01/2021,1.63,4173.42,0.09
06/01/2021,1.64,4134.98,0.09
07/01/2021,1.69,4180.17,0.09
08/01/2021,1.66,4187.62,0.09
11/01/2021,1.63,4186.72,0.09
12/01/2021,1.64,4183.18,0.09
13/01/2021,1.64,4211.47,0.09
14/01/2021,1.68,4181.17,0.09
15/01/2021,1.63,4192.66,0.09
18/01/2021,1.63,4164.66,0.09
19/01/2021,1.61,4167.59,0.09
20/01/2021,1.56,4201.62,0.09
21/01/2021,1.58,4232.6,0.08
22/01/2021,1.61,4188.43,0.08
25/01/2021,1.58,4152.1,0.08
26/01/2021,1.62,4063.04,0.08
27/01/2021,1.59,4112.5,0.08
28/01/2021,1.63,4173.85,0.07
29/01/2021,1.56,4163.29,0.07
01/02/2021,1.57,4127.83,0.08
02/02/2021,1.53,4115.68,0.08
03/02/2021,1.5,4159.12,0.08
04/02/2021,1.45,4155.86,0.08
05/02/2021,1.47,4197.05,0.08
08/02/2021,1.51,4188.13,0.07
09/02/2021,1.51,4195.99,0.08
10/02/2021,1.57,4200.88,0.08
11/02/2021,1.52,4204.11,0.08
12/02/2021,1.45,4202.04,0.08
15/02/2021,1.5,4208.12,0.08
16/02/2021,1.48,4192.85,0.08
17/02/2021,1.5,4229.89,0.08
18/02/2021,1.49,4226.52,0.07
19/02/2021,1.54,4227.26,0.07
22/02/2021,1.49,4219.55,0.07
23/02/2021,1.49,4239.18,0.07
24/02/2021,1.45,4247.44,0.07
25/02/2021,1.48,4255.15,0.07
26/02/2021,1.44,4246.59,0.07
01/03/2021,1.37,4223.7,0.07
02/03/2021,1.33,4221.86,0.07
03/03/2021,1.3,4166.45,0.07
04/03/2021,1.37,4224.79,0.07
05/03/2021,1.38,4246.44,0.07
08/03/2021,1.42,4241.84,0.07
09/03/2021,1.37,4266.49,0.07
10/03/2021,1.31,4280.7,0.07
11/03/2021,1.31,4290.61,0.07
12/03/2021,1.19,4291.8,0.07
15/03/2021,1.23,4297.5,0.07
16/03/2021,1.3,4319.94,0.07
17/03/2021,1.27,4352.34,0.07
18/03/2021,1.3,4343.54,0.07
19/03/2021,1.29,4358.13,0.07
22/03/2021,1.25,4320.82,0.07
23/03/2021,1.26,4369.55,0.07
24/03/2021,1.28,4384.63,0.07
25/03/2021,1.24,4369.21,0.07
26/03/2021,1.2,4374.3,0.07
29/03/2021,1.19,4360.03,0.07
30/03/2021,1.19,4327.16,0.07
31/03/2021,1.23,4258.49,0.06
01/04/2021,1.31,4323.06,0.07
02/04/2021,1.33,4358.69,0.07
05/04/2021,1.36,4367.48,0.07
06/04/2021,1.35,4411.79,0.07
07/04/2021,1.36,4422.3,0.07
08/04/2021,1.29,4401.46,0.07
09/04/2021,1.26,4400.64,0.07
12/04/2021,1.26,4419.15,0.07
13/04/2021,1.27,4395.26,0.07
14/04/2021,1.24,4387.16,0.07
15/04/2021,1.26,4423.15,0.07
16/04/2021,1.25,4402.66,0.07
19/04/2021,1.29,4429.1,0.07
20/04/2021,1.35,4436.52,0.07
21/04/2021,1.34,4432.35,0.07
22/04/2021,1.31,4436.75,0.07
23/04/2021,1.29,4447.7,0.07
26/04/2021,1.3,4460.83,0.07
27/04/2021,1.31,4468,0.07
28/04/2021,1.29,4479.71,0.07
29/04/2021,1.33,4448.08,0.06
30/04/2021,1.38,4400.27,0.05
03/05/2021,1.35,4405.8,0.06
04/05/2021,1.3,4441.67,0.06
05/05/2021,1.35,4479.53,0.06
06/05/2021,1.33,4486.23,0.06
07/05/2021,1.28,4496.19,0.06
10/05/2021,1.31,4470,0.06
11/05/2021,1.34,4509.37,0.06
12/05/2021,1.37,4528.79,0.06
13/05/2021,1.31,4522.68,0.06
14/05/2021,1.33,4524.09,0.06
17/05/2021,1.32,4536.95,0.06
18/05/2021,1.41,4535.43,0.06
19/05/2021,1.47,4520.03,0.06
20/05/2021,1.48,4514.07,0.06
21/05/2021,1.54,4493.28,0.06
24/05/2021,1.55,4458.58,0.06
25/05/2021,1.52,4468.73,0.06
26/05/2021,1.48,4443.05,0.06
27/05/2021,1.49,4480.7,0.06
28/05/2021,1.54,4473.75,0.05
31/05/2021,1.53,4432.99,0.05
01/06/2021,1.58,4357.73,0.06
02/06/2021,1.61,4354.19,0.06
03/06/2021,1.59,4395.64,0.06
04/06/2021,1.56,4448.98,0.06
07/06/2021,1.52,4455.48,0.06
08/06/2021,1.59,4443.11,0.06
09/06/2021,1.59,4352.63,0.06
10/06/2021,1.65,4359.46,0.06
11/06/2021,1.65,4307.54,0.06
14/06/2021,1.68,4357.04,0.06
15/06/2021,1.66,4300.46,0.06
16/06/2021,1.64,4345.72,0.06
17/06/2021,1.63,4363.55,0.1
18/06/2021,1.54,4399.76,0.1
21/06/2021,1.57,4391.34,0.1
22/06/2021,1.55,4361.19,0.1
23/06/2021,1.58,4350.65,0.1
24/06/2021,1.56,4363.8,0.1
25/06/2021,1.6,4438.26,0.1
28/06/2021,1.53,4471.37,0.1
29/06/2021,1.45,4486.46,0.1
30/06/2021,1.51,4519.63,0.08
01/07/2021,1.46,4536.19,0.1
02/07/2021,1.56,4549.78,0.1
05/07/2021,1.58,4544.9,0.1
06/07/2021,1.63,4566.48,0.1
07/07/2021,1.63,4574.79,0.1
08/07/2021,1.6,4551.68,0.1
09/07/2021,1.59,4596.42,0.1
12/07/2021,1.54,4605.38,0.1
13/07/2021,1.63,4613.67,0.1
14/07/2021,1.67,4630.65,0.1
15/07/2021,1.64,4660.57,0.1
16/07/2021,1.48,4680.06,0.1
19/07/2021,1.52,4697.53,0.1
20/07/2021,1.43,4701.7,0.1
21/07/2021,1.43,4685.25,0.1
22/07/2021,1.44,4646.71,0.1
23/07/2021,1.35,4649.27,0.1
26/07/2021,1.43,4682.85,0.1
27/07/2021,1.48,4682.8,0.1
28/07/2021,1.52,4700.9,0.1
29/07/2021,1.49,4688.67,0.1
30/07/2021,1.48,4704.54,0.07
02/08/2021,1.42,4697.96,0.1
03/08/2021,1.44,4682.94,0.1
04/08/2021,1.47,4690.7,0.1
05/08/2021,1.44,4701.46,0.1
06/08/2021,1.41,4594.62,0.1
09/08/2021,1.43,4655.27,0.1
10/08/2021,1.48,4567,0.1
11/08/2021,1.46,4513.04,0.1
12/08/2021,1.5,4577.1,0.1
13/08/2021,1.48,4538.43,0.1